origin,model,model_version,params_hash,mae,rmse,smape,first_seen
2025-10-05 21:00:00+00:00,HistGradientBoosting,v1,d3598930,4758.81,5242.46,8.467,2026-09-08 08:38:45+00:00
2025-10-06 21:00:00+00:00,HistGradientBoosting,v1,d3598930,862.09,1181.65,1.531,2026-09-08 08:38:45+00:00
2025-10-07 21:00:00+00:00,HistGradientBoosting,v1,d3598930,994.54,1304.88,1.764,2026-09-08 08:38:45+00:00
2025-10-08 21:00:00+00:00,HistGradientBoosting,v1,d3598930,3389.56,4070.72,5.919,2026-09-08 08:38:45+00:00
2025-10-09 21:00:00+00:00,HistGradientBoosting,v1,d3598930,10370.44,11727.98,18.949,2026-09-08 08:38:45+00:00
2025-10-10 21:00:00+00:00,HistGradientBoosting,v1,d3598930,8906.41,9235.58,16.417,2026-09-08 08:38:45+00:00
2025-10-11 21:00:00+00:00,HistGradientBoosting,v1,d3598930,995.97,1228.81,2.26,2026-09-08 08:38:45+00:00
2025-10-12 21:00:00+00:00,HistGradientBoosting,v1,d3598930,1144.4,1318.16,2.191,2026-09-08 08:38:45+00:00
2025-10-13 21:00:00+00:00,HistGradientBoosting,v1,d3598930,1213.91,1386.7,2.198,2026-09-08 08:38:45+00:00
2025-10-14 21:00:00+00:00,HistGradientBoosting,v1,d3598930,1829.48,2288.09,3.201,2026-09-08 08:38:45+00:00
2025-10-15 21:00:00+00:00,HistGradientBoosting,v1,d3598930,1416.35,1718.2,2.509,2026-09-08 08:38:45+00:00
2025-10-16 21:00:00+00:00,HistGradientBoosting,v1,d3598930,1714.13,1921.76,3.061,2026-09-08 08:38:45+00:00
2025-10-17 21:00:00+00:00,HistGradientBoosting,v1,d3598930,1881.17,2142.83,3.791,2026-09-08 08:38:45+00:00
2025-10-18 21:00:00+00:00,HistGradientBoosting,v1,d3598930,2119.83,2606.9,4.476,2026-09-08 08:38:45+00:00
2025-10-19 21:00:00+00:00,HistGradientBoosting,v1,d3598930,2291.72,2501.6,4.2,2026-09-08 08:38:45+00:00
2025-10-20 21:00:00+00:00,HistGradientBoosting,v1,d3598930,838.79,1011.03,1.395,2026-09-08 08:38:45+00:00
2025-10-21 21:00:00+00:00,HistGradientBoosting,v1,d3598930,1651.99,2037.94,2.88,2026-09-08 08:38:45+00:00
2025-10-22 21:00:00+00:00,HistGradientBoosting,v1,d3598930,2043.99,2228.1,3.528,2026-09-08 08:38:45+00:00
2025-10-23 21:00:00+00:00,HistGradientBoosting,v1,d3598930,1450.1,1601.6,2.48,2026-09-08 08:38:45+00:00
2025-10-24 21:00:00+00:00,HistGradientBoosting,v1,d3598930,1922.66,2437.41,3.728,2026-09-08 08:38:45+00:00
2025-10-25 21:00:00+00:00,HistGradientBoosting,v1,d3598930,3303.84,3698.57,6.952,2026-09-08 08:38:45+00:00
2025-10-26 21:00:00+00:00,HistGradientBoosting,v1,d3598930,1307.32,1659.45,2.251,2026-09-08 08:38:45+00:00
2025-10-27 21:00:00+00:00,HistGradientBoosting,v1,d3598930,1694.22,2400.21,2.938,2026-09-08 08:38:45+00:00
2025-10-28 21:00:00+00:00,HistGradientBoosting,v1,d3598930,1346.63,1620.79,2.239,2026-09-08 08:38:45+00:00
2025-10-29 21:00:00+00:00,HistGradientBoosting,v1,d3598930,2172.68,2537.02,3.862,2026-09-08 08:38:45+00:00
2025-10-30 21:00:00+00:00,HistGradientBoosting,v1,d3598930,4610.82,5136.28,7.856,2026-09-08 08:38:45+00:00
2025-10-31 21:00:00+00:00,HistGradientBoosting,v1,d3598930,4598.11,6263.96,8.895,2026-09-08 08:38:45+00:00
2025-11-01 21:00:00+00:00,HistGradientBoosting,v1,d3598930,2380.63,2583.57,5.109,2026-09-08 08:38:45+00:00
2025-11-02 21:00:00+00:00,HistGradientBoosting,v1,d3598930,2038.58,2275.6,3.543,2026-09-08 08:38:45+00:00
2025-11-03 21:00:00+00:00,HistGradientBoosting,v1,d3598930,2061.53,2518.23,3.38,2026-09-08 08:38:45+00:00
2025-11-04 21:00:00+00:00,HistGradientBoosting,v1,d3598930,1171.13,1411.86,1.989,2026-09-08 08:38:45+00:00
2025-11-05 21:00:00+00:00,HistGradientBoosting,v1,d3598930,783.35,875.86,1.352,2026-09-08 08:38:45+00:00
2025-11-06 21:00:00+00:00,HistGradientBoosting,v1,d3598930,1952.58,2263.18,3.279,2026-09-08 08:38:45+00:00
2025-11-07 21:00:00+00:00,HistGradientBoosting,v1,d3598930,1358.36,1708.66,2.72,2026-09-08 08:38:45+00:00
2025-11-08 21:00:00+00:00,HistGradientBoosting,v1,d3598930,851.26,1105.32,1.912,2026-09-08 08:38:45+00:00
2025-11-09 21:00:00+00:00,HistGradientBoosting,v1,d3598930,932.3,1391.97,1.657,2026-09-08 08:38:45+00:00
2025-11-10 21:00:00+00:00,HistGradientBoosting,v1,d3598930,785.03,938.87,1.357,2026-09-08 08:38:45+00:00
2025-11-11 21:00:00+00:00,HistGradientBoosting,v1,d3598930,1056.99,1172.64,1.794,2026-09-08 08:38:45+00:00
2025-11-12 21:00:00+00:00,HistGradientBoosting,v1,d3598930,592.42,734.53,0.98,2026-09-08 08:38:45+00:00
2025-11-13 21:00:00+00:00,HistGradientBoosting,v1,d3598930,1579.12,1704.35,2.782,2026-09-08 08:38:45+00:00
2025-11-14 21:00:00+00:00,HistGradientBoosting,v1,d3598930,781.88,951.55,1.554,2026-09-08 08:38:45+00:00
2025-11-15 21:00:00+00:00,HistGradientBoosting,v1,d3598930,726.37,886.35,1.54,2026-09-08 08:38:45+00:00
2025-11-16 21:00:00+00:00,HistGradientBoosting,v1,d3598930,3926.7,4509.71,6.234,2026-09-08 08:38:45+00:00
2025-11-17 21:00:00+00:00,HistGradientBoosting,v1,d3598930,2461.68,3018.24,4.013,2026-09-08 08:38:45+00:00
2025-11-18 21:00:00+00:00,HistGradientBoosting,v1,d3598930,1530.33,1981.24,2.568,2026-09-08 08:38:45+00:00
2025-11-19 21:00:00+00:00,HistGradientBoosting,v1,d3598930,1880.43,2762.44,3.326,2026-09-08 08:38:45+00:00
2025-11-20 21:00:00+00:00,HistGradientBoosting,v1,d3598930,3589.04,5357.49,5.915,2026-09-08 08:38:45+00:00
2025-11-21 21:00:00+00:00,HistGradientBoosting,v1,d3598930,2695.14,3092.41,4.683,2026-09-08 08:38:45+00:00
2025-11-22 21:00:00+00:00,HistGradientBoosting,v1,d3598930,2503.2,3439.98,4.404,2026-09-08 08:38:45+00:00
2025-11-23 21:00:00+00:00,HistGradientBoosting,v1,d3598930,2249.62,2902.25,3.562,2026-09-08 08:38:45+00:00
2025-11-24 21:00:00+00:00,HistGradientBoosting,v1,d3598930,4329.82,5833.19,7.272,2026-09-08 08:38:45+00:00
2025-11-25 21:00:00+00:00,HistGradientBoosting,v1,d3598930,1086.38,1241.01,1.709,2026-09-08 08:38:45+00:00
2025-11-26 21:00:00+00:00,HistGradientBoosting,v1,d3598930,2492.73,2772.35,3.704,2026-09-08 08:38:45+00:00
2025-11-27 21:00:00+00:00,HistGradientBoosting,v1,d3598930,3246.75,4315.45,5.264,2026-09-08 08:38:45+00:00
2025-11-28 21:00:00+00:00,HistGradientBoosting,v1,d3598930,4851.81,5164.87,8.571,2026-09-08 08:38:45+00:00
2025-11-29 21:00:00+00:00,HistGradientBoosting,v1,d3598930,1878.54,2154.44,3.531,2026-09-08 08:38:45+00:00
2025-11-30 21:00:00+00:00,HistGradientBoosting,v1,d3598930,2104.08,2304.36,3.438,2026-09-08 08:38:45+00:00
2025-12-01 21:00:00+00:00,HistGradientBoosting,v1,d3598930,1962.22,3278.08,3.349,2026-09-08 08:38:45+00:00
2025-12-02 21:00:00+00:00,HistGradientBoosting,v1,d3598930,1402.56,1637.27,2.139,2026-09-08 08:38:45+00:00
2025-12-03 21:00:00+00:00,HistGradientBoosting,v1,d3598930,1716.43,1910.14,2.805,2026-09-08 08:38:45+00:00
2025-12-04 21:00:00+00:00,HistGradientBoosting,v1,d3598930,2657.46,2767.33,4.18,2026-09-08 08:38:45+00:00
2025-12-05 21:00:00+00:00,HistGradientBoosting,v1,d3598930,891.99,1231.18,1.58,2026-09-08 08:38:45+00:00
2025-12-06 21:00:00+00:00,HistGradientBoosting,v1,d3598930,996.89,1190.18,2.08,2026-09-08 08:38:45+00:00
2025-12-07 21:00:00+00:00,HistGradientBoosting,v1,d3598930,1114.32,1449.09,1.873,2026-09-08 08:38:45+00:00
2025-12-08 21:00:00+00:00,HistGradientBoosting,v1,d3598930,3875.59,4080.67,6.263,2026-09-08 08:38:45+00:00
2025-12-09 21:00:00+00:00,HistGradientBoosting,v1,d3598930,1616.75,1743.84,2.642,2026-09-08 08:38:45+00:00
2025-12-10 21:00:00+00:00,HistGradientBoosting,v1,d3598930,715.27,1017.46,1.117,2026-09-08 08:38:45+00:00
2025-12-11 21:00:00+00:00,HistGradientBoosting,v1,d3598930,2600.42,2712.08,4.2,2026-09-08 08:38:45+00:00
2025-12-12 21:00:00+00:00,HistGradientBoosting,v1,d3598930,1033.01,1151.3,1.915,2026-09-08 08:38:45+00:00
2025-12-13 21:00:00+00:00,HistGradientBoosting,v1,d3598930,2516.68,3078.4,4.563,2026-09-08 08:38:45+00:00
2025-12-14 21:00:00+00:00,HistGradientBoosting,v1,d3598930,1220.63,1501.7,1.886,2026-09-08 08:38:45+00:00
2025-12-15 21:00:00+00:00,HistGradientBoosting,v1,d3598930,893.19,1030.25,1.453,2026-09-08 08:38:45+00:00
2025-12-16 21:00:00+00:00,HistGradientBoosting,v1,d3598930,1535.16,1869.91,2.36,2026-09-08 08:38:45+00:00
2025-12-17 21:00:00+00:00,HistGradientBoosting,v1,d3598930,960.28,1248.36,1.576,2026-09-08 08:38:45+00:00
2025-12-18 21:00:00+00:00,HistGradientBoosting,v1,d3598930,1274.65,1481.31,2.222,2026-09-08 08:38:45+00:00
2025-12-19 21:00:00+00:00,HistGradientBoosting,v1,d3598930,3027.3,3290.07,5.786,2026-09-08 08:38:45+00:00
2025-12-20 21:00:00+00:00,HistGradientBoosting,v1,d3598930,1327.56,1685.22,2.609,2026-09-08 08:38:45+00:00
2025-12-21 21:00:00+00:00,HistGradientBoosting,v1,d3598930,5422.84,5951.42,9.02,2026-09-08 08:38:45+00:00
2025-12-22 21:00:00+00:00,HistGradientBoosting,v1,d3598930,1920.36,2730.14,3.509,2026-09-08 08:38:45+00:00
2025-12-23 21:00:00+00:00,HistGradientBoosting,v1,d3598930,6700.56,7629.58,11.863,2026-09-08 08:38:45+00:00
2025-12-24 21:00:00+00:00,HistGradientBoosting,v1,d3598930,2985.3,4136.59,5.858,2026-09-08 08:38:45+00:00
2025-12-25 21:00:00+00:00,HistGradientBoosting,v1,d3598930,907.86,1144.18,1.856,2026-09-08 08:38:45+00:00
2025-12-26 21:00:00+00:00,HistGradientBoosting,v1,d3598930,3949.32,4330.96,7.765,2026-09-08 08:38:45+00:00
2025-12-27 21:00:00+00:00,HistGradientBoosting,v1,d3598930,1176.8,1451.24,2.296,2026-09-08 08:38:45+00:00
2025-12-28 21:00:00+00:00,HistGradientBoosting,v1,d3598930,2039.72,2774.91,3.579,2026-09-08 08:38:45+00:00
2025-12-29 21:00:00+00:00,HistGradientBoosting,v1,d3598930,1010.04,1233.72,1.778,2026-09-08 08:38:45+00:00
2025-12-30 21:00:00+00:00,HistGradientBoosting,v1,d3598930,1114.44,1535.78,2.131,2026-09-08 08:38:45+00:00
2025-12-31 21:00:00+00:00,HistGradientBoosting,v1,d3598930,3054.01,3415.57,6.344,2026-09-08 08:38:45+00:00
2026-01-01 21:00:00+00:00,HistGradientBoosting,v1,d3598930,6906.68,8027.98,12.727,2026-09-08 08:38:45+00:00
2026-01-02 21:00:00+00:00,HistGradientBoosting,v1,d3598930,1773.34,2193.96,3.232,2026-09-08 08:38:45+00:00
2026-01-03 21:00:00+00:00,HistGradientBoosting,v1,d3598930,1411.07,1885.46,2.757,2026-09-08 08:38:45+00:00
2026-01-04 21:00:00+00:00,HistGradientBoosting,v1,d3598930,3874.69,4190.48,6.38,2026-09-08 08:38:45+00:00
2026-01-05 21:00:00+00:00,HistGradientBoosting,v1,d3598930,2690.73,3718.92,4.484,2026-09-08 08:38:45+00:00
2026-01-06 21:00:00+00:00,HistGradientBoosting,v1,d3598930,6243.81,7038.03,9.472,2026-09-08 08:38:45+00:00
2026-01-07 21:00:00+00:00,HistGradientBoosting,v1,d3598930,5638.52,8289.98,8.483,2026-09-08 08:38:45+00:00
2026-01-08 21:00:00+00:00,HistGradientBoosting,v1,d3598930,3936.59,5898.5,6.106,2026-09-08 08:38:45+00:00
2026-01-09 21:00:00+00:00,HistGradientBoosting,v1,d3598930,4680.17,6039.08,7.303,2026-09-08 08:38:45+00:00
2026-01-10 21:00:00+00:00,HistGradientBoosting,v1,d3598930,2117.52,2302.06,3.781,2026-09-08 08:38:45+00:00
2026-01-11 21:00:00+00:00,HistGradientBoosting,v1,d3598930,2242.18,2783.08,3.199,2026-09-08 08:38:45+00:00
2026-01-12 21:00:00+00:00,HistGradientBoosting,v1,d3598930,2405.3,2976.96,3.438,2026-09-08 08:38:45+00:00
2026-01-13 21:00:00+00:00,HistGradientBoosting,v1,d3598930,851.63,1003.11,1.364,2026-09-08 08:38:45+00:00
2026-01-14 21:00:00+00:00,HistGradientBoosting,v1,d3598930,3313.81,4252.29,5.484,2026-09-08 08:38:45+00:00
2026-01-15 21:00:00+00:00,HistGradientBoosting,v1,d3598930,2019.44,2414.79,3.17,2026-09-08 08:38:45+00:00
2026-01-16 21:00:00+00:00,HistGradientBoosting,v1,d3598930,4551.7,5169.54,7.602,2026-09-08 08:38:45+00:00
2026-01-17 21:00:00+00:00,HistGradientBoosting,v1,d3598930,1946.22,2326.78,3.543,2026-09-08 08:38:45+00:00
2026-01-18 21:00:00+00:00,HistGradientBoosting,v1,d3598930,1825.64,2115.04,2.831,2026-09-08 08:38:45+00:00
2026-01-19 21:00:00+00:00,HistGradientBoosting,v1,d3598930,985.02,1454.18,1.49,2026-09-08 08:38:45+00:00
2026-01-20 21:00:00+00:00,HistGradientBoosting,v1,d3598930,2274.97,2730.38,3.444,2026-09-08 08:38:45+00:00
2026-01-21 21:00:00+00:00,HistGradientBoosting,v1,d3598930,4325.1,5443.6,6.483,2026-09-08 08:38:45+00:00
2026-01-22 21:00:00+00:00,HistGradientBoosting,v1,d3598930,4575.94,7339.6,6.944,2026-09-08 08:38:45+00:00
2026-01-23 21:00:00+00:00,HistGradientBoosting,v1,d3598930,2722.0,3585.18,4.482,2026-09-08 08:38:45+00:00
2026-01-24 21:00:00+00:00,HistGradientBoosting,v1,d3598930,2830.37,3442.69,4.944,2026-09-08 08:38:45+00:00
2026-01-25 21:00:00+00:00,HistGradientBoosting,v1,d3598930,1333.06,1858.78,1.874,2026-09-08 08:38:45+00:00
2026-01-26 21:00:00+00:00,HistGradientBoosting,v1,d3598930,1789.9,2117.24,2.572,2026-09-08 08:38:45+00:00
2026-01-27 21:00:00+00:00,HistGradientBoosting,v1,d3598930,1048.71,1373.48,1.519,2026-09-08 08:38:45+00:00
2026-01-28 21:00:00+00:00,HistGradientBoosting,v1,d3598930,1634.65,2137.99,2.291,2026-09-08 08:38:45+00:00
2026-01-29 21:00:00+00:00,HistGradientBoosting,v1,d3598930,2450.33,2856.25,3.597,2026-09-08 08:38:45+00:00
2026-01-30 21:00:00+00:00,HistGradientBoosting,v1,d3598930,3287.84,4170.37,5.35,2026-09-08 08:38:45+00:00
2026-01-31 21:00:00+00:00,HistGradientBoosting,v1,d3598930,823.9,1062.73,1.451,2026-09-08 08:38:45+00:00
2026-02-01 21:00:00+00:00,HistGradientBoosting,v1,d3598930,1107.71,1328.17,1.705,2026-09-08 08:38:45+00:00
2026-02-02 21:00:00+00:00,HistGradientBoosting,v1,d3598930,1856.07,2031.22,2.751,2026-09-08 08:38:45+00:00
2026-02-03 21:00:00+00:00,HistGradientBoosting,v1,d3598930,2374.25,2684.81,3.485,2026-09-08 08:38:45+00:00
2026-02-04 21:00:00+00:00,HistGradientBoosting,v1,d3598930,1809.99,2155.78,2.627,2026-09-08 08:38:45+00:00
2026-02-05 21:00:00+00:00,HistGradientBoosting,v1,d3598930,1334.5,1461.22,1.971,2026-09-08 08:38:45+00:00
2026-02-06 21:00:00+00:00,HistGradientBoosting,v1,d3598930,3009.94,3461.5,5.062,2026-09-08 08:38:45+00:00
2026-02-07 21:00:00+00:00,HistGradientBoosting,v1,d3598930,787.13,931.46,1.47,2026-09-08 08:38:45+00:00
2026-02-08 21:00:00+00:00,HistGradientBoosting,v1,d3598930,1073.56,1265.77,1.74,2026-09-08 08:38:45+00:00
2026-02-09 21:00:00+00:00,HistGradientBoosting,v1,d3598930,2458.89,2582.23,3.82,2026-09-08 08:38:45+00:00
2026-02-10 21:00:00+00:00,HistGradientBoosting,v1,d3598930,2888.37,2972.27,4.489,2026-09-08 08:38:45+00:00
2026-02-11 21:00:00+00:00,HistGradientBoosting,v1,d3598930,591.57,684.08,0.965,2026-09-08 08:38:45+00:00
2026-02-12 21:00:00+00:00,HistGradientBoosting,v1,d3598930,826.22,993.57,1.336,2026-09-08 08:38:45+00:00
2026-02-13 21:00:00+00:00,HistGradientBoosting,v1,d3598930,842.51,1077.86,1.487,2026-09-08 08:38:45+00:00
2026-02-14 21:00:00+00:00,HistGradientBoosting,v1,d3598930,1312.19,1687.34,2.453,2026-09-08 08:38:45+00:00
2026-02-15 21:00:00+00:00,HistGradientBoosting,v1,d3598930,1437.49,1734.94,2.122,2026-09-08 08:38:45+00:00
2026-02-16 21:00:00+00:00,HistGradientBoosting,v1,d3598930,813.42,991.46,1.249,2026-09-08 08:38:45+00:00
2026-02-17 21:00:00+00:00,HistGradientBoosting,v1,d3598930,943.3,1023.37,1.511,2026-09-08 08:38:45+00:00
2026-02-18 21:00:00+00:00,HistGradientBoosting,v1,d3598930,935.12,1135.45,1.482,2026-09-08 08:38:45+00:00
2026-02-19 21:00:00+00:00,HistGradientBoosting,v1,d3598930,2422.31,2620.54,3.758,2026-09-08 08:38:45+00:00
2026-02-20 21:00:00+00:00,HistGradientBoosting,v1,d3598930,2591.24,2912.7,4.591,2026-09-08 08:38:45+00:00
2026-02-21 21:00:00+00:00,HistGradientBoosting,v1,d3598930,2097.68,2446.18,4.347,2026-09-08 08:38:45+00:00
2026-02-22 21:00:00+00:00,HistGradientBoosting,v1,d3598930,1969.04,2105.07,3.293,2026-09-08 08:38:45+00:00
2026-02-23 21:00:00+00:00,HistGradientBoosting,v1,d3598930,1794.71,2068.24,2.809,2026-09-08 08:38:45+00:00
2026-02-24 21:00:00+00:00,HistGradientBoosting,v1,d3598930,2317.17,2764.85,3.767,2026-09-08 08:38:45+00:00
2026-02-25 21:00:00+00:00,HistGradientBoosting,v1,d3598930,2472.67,3176.89,3.927,2026-09-08 08:38:45+00:00
2026-02-26 21:00:00+00:00,HistGradientBoosting,v1,d3598930,2092.65,2475.6,3.613,2026-09-08 08:38:45+00:00
2026-02-27 21:00:00+00:00,HistGradientBoosting,v1,d3598930,3928.7,4313.78,7.626,2026-09-08 08:38:45+00:00
2026-02-28 21:00:00+00:00,HistGradientBoosting,v1,d3598930,1122.01,1283.3,2.403,2026-09-08 08:38:45+00:00
2026-03-01 21:00:00+00:00,HistGradientBoosting,v1,d3598930,3395.3,4405.09,5.613,2026-09-08 08:38:45+00:00
2026-03-02 21:00:00+00:00,HistGradientBoosting,v1,d3598930,1484.04,1996.72,2.567,2026-09-08 08:38:45+00:00
2026-03-03 21:00:00+00:00,HistGradientBoosting,v1,d3598930,1548.07,1951.45,2.783,2026-09-08 08:38:45+00:00
2026-03-04 21:00:00+00:00,HistGradientBoosting,v1,d3598930,2045.49,2633.26,3.458,2026-09-08 08:38:45+00:00
2026-03-05 21:00:00+00:00,HistGradientBoosting,v1,d3598930,985.9,1327.54,1.715,2026-09-08 08:38:45+00:00
2026-03-06 21:00:00+00:00,HistGradientBoosting,v1,d3598930,1959.15,2655.26,3.885,2026-09-08 08:38:45+00:00
2026-03-07 21:00:00+00:00,HistGradientBoosting,v1,d3598930,1050.15,1285.91,2.284,2026-09-08 08:38:45+00:00
2026-03-08 21:00:00+00:00,HistGradientBoosting,v1,d3598930,2203.41,3041.91,3.726,2026-09-08 08:38:45+00:00
2026-03-09 21:00:00+00:00,HistGradientBoosting,v1,d3598930,762.43,895.86,1.374,2026-09-08 08:38:45+00:00
2026-03-10 21:00:00+00:00,HistGradientBoosting,v1,d3598930,2185.07,2785.29,3.687,2026-09-08 08:38:45+00:00
2026-03-11 21:00:00+00:00,HistGradientBoosting,v1,d3598930,997.79,1215.92,1.706,2026-09-08 08:38:45+00:00
2026-03-12 21:00:00+00:00,HistGradientBoosting,v1,d3598930,1262.92,1500.03,2.123,2026-09-08 08:38:45+00:00
2026-03-13 21:00:00+00:00,HistGradientBoosting,v1,d3598930,2019.74,2642.72,3.966,2026-09-08 08:38:45+00:00
2026-03-14 21:00:00+00:00,HistGradientBoosting,v1,d3598930,1918.47,2155.9,4.075,2026-09-08 08:38:45+00:00
2026-03-15 21:00:00+00:00,HistGradientBoosting,v1,d3598930,2581.37,2840.85,4.447,2026-09-08 08:38:45+00:00
2026-03-16 21:00:00+00:00,HistGradientBoosting,v1,d3598930,661.53,763.57,1.154,2026-09-08 08:38:45+00:00
2026-03-17 21:00:00+00:00,HistGradientBoosting,v1,d3598930,1595.94,1922.89,2.766,2026-09-08 08:38:45+00:00
2026-03-18 21:00:00+00:00,HistGradientBoosting,v1,d3598930,1447.92,1950.22,2.453,2026-09-08 08:38:45+00:00
2026-03-19 21:00:00+00:00,HistGradientBoosting,v1,d3598930,1291.3,1592.22,2.24,2026-09-08 08:38:45+00:00
2026-03-20 21:00:00+00:00,HistGradientBoosting,v1,d3598930,373.09,517.47,0.764,2026-09-08 08:38:45+00:00
2026-03-21 21:00:00+00:00,HistGradientBoosting,v1,d3598930,1795.35,2240.2,3.958,2026-09-08 08:38:45+00:00
2026-03-22 21:00:00+00:00,HistGradientBoosting,v1,d3598930,2110.71,2401.39,3.621,2026-09-08 08:38:45+00:00
2026-03-23 21:00:00+00:00,HistGradientBoosting,v1,d3598930,1391.62,1847.26,2.354,2026-09-08 08:38:45+00:00
2026-03-24 21:00:00+00:00,HistGradientBoosting,v1,d3598930,2445.27,3100.19,3.855,2026-09-08 08:38:45+00:00
2026-03-25 21:00:00+00:00,HistGradientBoosting,v1,d3598930,1540.16,1766.54,2.601,2026-09-08 08:38:45+00:00
2026-03-26 21:00:00+00:00,HistGradientBoosting,v1,d3598930,1611.36,2133.07,2.629,2026-09-08 08:38:45+00:00
2026-03-27 21:00:00+00:00,HistGradientBoosting,v1,d3598930,1036.7,1161.5,2.007,2026-09-08 08:38:45+00:00
2026-03-28 21:00:00+00:00,HistGradientBoosting,v1,d3598930,1516.79,1860.96,3.088,2026-09-08 08:38:45+00:00
2026-03-29 21:00:00+00:00,HistGradientBoosting,v1,d3598930,3204.84,3737.56,5.382,2026-09-08 08:38:45+00:00
2026-03-30 21:00:00+00:00,HistGradientBoosting,v1,d3598930,1483.77,1717.22,2.5,2026-09-08 08:38:45+00:00
2026-03-31 21:00:00+00:00,HistGradientBoosting,v1,d3598930,1100.13,1616.17,1.899,2026-09-08 08:38:45+00:00
2026-04-01 21:00:00+00:00,HistGradientBoosting,v1,d3598930,1271.55,1565.33,2.321,2026-09-08 08:38:45+00:00
2026-04-02 21:00:00+00:00,HistGradientBoosting,v1,d3598930,7462.78,8560.8,14.327,2026-09-08 08:38:45+00:00
2026-04-03 21:00:00+00:00,HistGradientBoosting,v1,d3598930,1233.97,1425.84,2.583,2026-09-08 08:38:45+00:00
2026-04-04 21:00:00+00:00,HistGradientBoosting,v1,d3598930,2226.68,2606.97,5.001,2026-09-08 08:38:45+00:00
2026-04-05 21:00:00+00:00,HistGradientBoosting,v1,d3598930,9283.66,10774.05,18.634,2026-09-08 08:38:45+00:00
2026-04-06 21:00:00+00:00,HistGradientBoosting,v1,d3598930,2045.83,2292.43,3.743,2026-09-08 08:38:45+00:00
2026-04-07 21:00:00+00:00,HistGradientBoosting,v1,d3598930,4499.21,5308.13,7.897,2026-09-08 08:38:45+00:00
2026-04-08 21:00:00+00:00,HistGradientBoosting,v1,d3598930,1357.37,1613.64,2.485,2026-09-08 08:38:45+00:00
2026-04-09 21:00:00+00:00,HistGradientBoosting,v1,d3598930,2830.58,3570.69,4.94,2026-09-08 08:38:45+00:00
2026-04-10 21:00:00+00:00,HistGradientBoosting,v1,d3598930,3471.48,4272.91,7.01,2026-09-08 08:38:45+00:00
2026-04-11 21:00:00+00:00,HistGradientBoosting,v1,d3598930,2155.8,2796.79,4.72,2026-09-08 08:38:45+00:00
2026-04-12 21:00:00+00:00,HistGradientBoosting,v1,d3598930,5467.81,6230.37,9.666,2026-09-08 08:38:45+00:00
2026-04-13 21:00:00+00:00,HistGradientBoosting,v1,d3598930,2285.83,3186.49,3.94,2026-09-08 08:38:45+00:00
2026-04-14 21:00:00+00:00,HistGradientBoosting,v1,d3598930,1475.12,1840.93,2.568,2026-09-08 08:38:45+00:00
2026-04-15 21:00:00+00:00,HistGradientBoosting,v1,d3598930,1049.42,1236.91,2.013,2026-09-08 08:38:45+00:00
2026-04-16 21:00:00+00:00,HistGradientBoosting,v1,d3598930,715.82,918.81,1.324,2026-09-08 08:38:45+00:00
2026-04-17 21:00:00+00:00,HistGradientBoosting,v1,d3598930,1375.87,1676.56,2.929,2026-09-08 08:38:45+00:00
2026-04-18 21:00:00+00:00,HistGradientBoosting,v1,d3598930,2662.76,3148.46,5.856,2026-09-08 08:38:45+00:00
2026-04-19 21:00:00+00:00,HistGradientBoosting,v1,d3598930,579.23,679.04,1.015,2026-09-08 08:38:45+00:00
2026-04-20 21:00:00+00:00,HistGradientBoosting,v1,d3598930,807.8,937.7,1.53,2026-09-08 08:38:45+00:00
2026-04-21 21:00:00+00:00,HistGradientBoosting,v1,d3598930,1837.2,2381.2,3.33,2026-09-08 08:38:45+00:00
2026-04-22 21:00:00+00:00,HistGradientBoosting,v1,d3598930,1579.2,1749.12,2.87,2026-09-08 08:38:45+00:00
2026-04-23 21:00:00+00:00,HistGradientBoosting,v1,d3598930,910.95,1072.46,1.69,2026-09-08 08:38:45+00:00
2026-04-24 21:00:00+00:00,HistGradientBoosting,v1,d3598930,2366.51,3156.49,5.008,2026-09-08 08:38:45+00:00
2026-04-25 21:00:00+00:00,HistGradientBoosting,v1,d3598930,2259.61,2739.69,5.205,2026-09-08 08:38:45+00:00
2026-04-26 21:00:00+00:00,HistGradientBoosting,v1,d3598930,2203.4,2603.28,4.045,2026-09-08 08:38:45+00:00
2026-04-27 21:00:00+00:00,HistGradientBoosting,v1,d3598930,1211.76,1380.55,2.276,2026-09-08 08:38:45+00:00
2026-04-28 21:00:00+00:00,HistGradientBoosting,v1,d3598930,1091.0,1308.05,2.042,2026-09-08 08:38:45+00:00
2026-04-29 21:00:00+00:00,HistGradientBoosting,v1,d3598930,1601.96,1820.83,2.978,2026-09-08 08:38:45+00:00
2026-04-30 21:00:00+00:00,HistGradientBoosting,v1,d3598930,5634.25,6322.1,12.632,2026-09-08 08:38:45+00:00
2026-05-01 21:00:00+00:00,HistGradientBoosting,v1,d3598930,1131.31,1462.18,2.616,2026-09-08 08:38:45+00:00
2026-05-02 21:00:00+00:00,HistGradientBoosting,v1,d3598930,1683.35,2061.53,4.147,2026-09-08 08:38:45+00:00
2026-05-03 21:00:00+00:00,HistGradientBoosting,v1,d3598930,1669.14,1998.36,3.027,2026-09-08 08:38:45+00:00
2026-05-04 21:00:00+00:00,HistGradientBoosting,v1,d3598930,1136.6,1528.59,2.084,2026-09-08 08:38:45+00:00
2026-05-05 21:00:00+00:00,HistGradientBoosting,v1,d3598930,2358.38,3254.51,4.098,2026-09-08 08:38:45+00:00
2026-05-06 21:00:00+00:00,HistGradientBoosting,v1,d3598930,918.93,1143.32,1.616,2026-09-08 08:38:45+00:00
2026-05-07 21:00:00+00:00,HistGradientBoosting,v1,d3598930,3354.85,4377.93,6.42,2026-09-08 08:38:45+00:00
2026-05-08 21:00:00+00:00,HistGradientBoosting,v1,d3598930,1688.82,2042.88,3.726,2026-09-08 08:38:45+00:00
2026-05-09 21:00:00+00:00,HistGradientBoosting,v1,d3598930,524.84,672.53,1.27,2026-09-08 08:38:45+00:00
2026-05-10 21:00:00+00:00,HistGradientBoosting,v1,d3598930,2775.48,3175.95,5.087,2026-09-08 08:38:45+00:00
2026-05-11 21:00:00+00:00,HistGradientBoosting,v1,d3598930,1399.38,1559.0,2.548,2026-09-08 08:38:45+00:00
2026-05-12 21:00:00+00:00,HistGradientBoosting,v1,d3598930,1638.96,2032.67,3.011,2026-09-08 08:38:45+00:00
2026-05-13 21:00:00+00:00,HistGradientBoosting,v1,d3598930,2495.6,2902.94,5.431,2026-09-08 08:38:45+00:00
2026-05-14 21:00:00+00:00,HistGradientBoosting,v1,d3598930,3098.63,3630.42,6.221,2026-09-08 08:38:45+00:00
2026-05-15 21:00:00+00:00,HistGradientBoosting,v1,d3598930,897.9,1244.29,2.017,2026-09-08 08:38:45+00:00
2026-05-16 21:00:00+00:00,HistGradientBoosting,v1,d3598930,878.83,1061.31,2.088,2026-09-08 08:38:45+00:00
2026-05-17 21:00:00+00:00,HistGradientBoosting,v1,d3598930,1191.05,1378.95,2.301,2026-09-08 08:38:45+00:00
2026-05-18 21:00:00+00:00,HistGradientBoosting,v1,d3598930,939.65,1160.59,1.755,2026-09-08 08:38:45+00:00
2026-05-19 21:00:00+00:00,HistGradientBoosting,v1,d3598930,1743.97,2103.43,3.141,2026-09-08 08:38:45+00:00
2026-05-20 21:00:00+00:00,HistGradientBoosting,v1,d3598930,1171.67,1608.12,2.202,2026-09-08 08:38:45+00:00
2026-05-21 21:00:00+00:00,HistGradientBoosting,v1,d3598930,1380.62,1845.03,2.716,2026-09-08 08:38:45+00:00
2026-05-22 21:00:00+00:00,HistGradientBoosting,v1,d3598930,2124.09,2544.02,4.707,2026-09-08 08:38:45+00:00
2026-05-23 21:00:00+00:00,HistGradientBoosting,v1,d3598930,1513.69,1664.86,3.815,2026-09-08 08:38:45+00:00
2026-05-24 21:00:00+00:00,HistGradientBoosting,v1,d3598930,5088.71,5860.18,11.563,2026-09-08 08:38:45+00:00
2026-05-25 21:00:00+00:00,HistGradientBoosting,v1,d3598930,1264.67,1561.65,2.507,2026-09-08 08:38:45+00:00
2026-05-26 21:00:00+00:00,HistGradientBoosting,v1,d3598930,767.76,920.16,1.528,2026-09-08 08:38:45+00:00
2026-05-27 21:00:00+00:00,HistGradientBoosting,v1,d3598930,3205.2,3412.52,6.006,2026-09-08 08:38:45+00:00
2026-05-28 21:00:00+00:00,HistGradientBoosting,v1,d3598930,793.02,1113.14,1.579,2026-09-08 08:38:45+00:00
2026-05-29 21:00:00+00:00,HistGradientBoosting,v1,d3598930,1981.63,2477.18,4.234,2026-09-08 08:38:45+00:00
2026-05-30 21:00:00+00:00,HistGradientBoosting,v1,d3598930,972.75,1225.47,2.238,2026-09-08 08:38:45+00:00
2026-05-31 21:00:00+00:00,HistGradientBoosting,v1,d3598930,3024.15,3548.03,6.173,2026-09-08 08:38:45+00:00
2026-06-01 21:00:00+00:00,HistGradientBoosting,v1,d3598930,1518.57,1846.0,2.779,2026-09-08 08:38:45+00:00
2026-06-02 21:00:00+00:00,HistGradientBoosting,v1,d3598930,1711.94,2066.74,3.101,2026-09-08 08:38:45+00:00
2026-06-03 21:00:00+00:00,HistGradientBoosting,v1,d3598930,3956.9,4949.34,7.698,2026-09-08 08:38:45+00:00
2026-06-04 21:00:00+00:00,HistGradientBoosting,v1,d3598930,1529.9,1930.09,3.0,2026-09-08 08:38:45+00:00
2026-06-05 21:00:00+00:00,HistGradientBoosting,v1,d3598930,2191.6,2618.5,4.854,2026-09-08 08:38:45+00:00
2026-06-06 21:00:00+00:00,HistGradientBoosting,v1,d3598930,735.36,881.7,1.781,2026-09-08 08:38:45+00:00
2026-06-07 21:00:00+00:00,HistGradientBoosting,v1,d3598930,1366.22,1584.61,2.626,2026-09-08 08:38:45+00:00
2026-06-08 21:00:00+00:00,HistGradientBoosting,v1,d3598930,722.42,973.97,1.428,2026-09-08 08:38:45+00:00
2026-06-09 21:00:00+00:00,HistGradientBoosting,v1,d3598930,1155.22,1346.57,2.131,2026-09-08 08:38:45+00:00
2026-06-10 21:00:00+00:00,HistGradientBoosting,v1,d3598930,1290.57,1482.45,2.476,2026-09-08 08:38:45+00:00
2026-06-11 21:00:00+00:00,HistGradientBoosting,v1,d3598930,4230.45,5135.38,7.726,2026-09-08 08:38:45+00:00
2026-06-12 21:00:00+00:00,HistGradientBoosting,v1,d3598930,825.55,1046.11,1.83,2026-09-08 08:38:45+00:00
2026-06-13 21:00:00+00:00,HistGradientBoosting,v1,d3598930,600.95,700.12,1.486,2026-09-08 08:38:45+00:00
2026-06-14 21:00:00+00:00,HistGradientBoosting,v1,d3598930,975.22,1169.57,1.855,2026-09-08 08:38:45+00:00
2026-06-15 21:00:00+00:00,HistGradientBoosting,v1,d3598930,1123.3,1395.32,2.077,2026-09-08 08:38:45+00:00
2026-06-16 21:00:00+00:00,HistGradientBoosting,v1,d3598930,1060.04,1352.57,1.936,2026-09-08 08:38:45+00:00
2026-06-17 21:00:00+00:00,HistGradientBoosting,v1,d3598930,1309.12,1523.85,2.412,2026-09-08 08:38:45+00:00
2026-06-18 21:00:00+00:00,HistGradientBoosting,v1,d3598930,630.09,848.85,1.142,2026-09-08 08:38:45+00:00
2026-06-19 21:00:00+00:00,HistGradientBoosting,v1,d3598930,1088.49,1286.03,2.423,2026-09-08 08:38:45+00:00
2026-06-20 21:00:00+00:00,HistGradientBoosting,v1,d3598930,1236.1,1677.3,2.767,2026-09-08 08:38:45+00:00
2026-06-21 21:00:00+00:00,HistGradientBoosting,v1,d3598930,1422.13,1883.08,2.687,2026-09-08 08:38:45+00:00
2026-06-22 21:00:00+00:00,HistGradientBoosting,v1,d3598930,1396.8,1530.86,2.525,2026-09-08 08:38:45+00:00
2026-06-23 21:00:00+00:00,HistGradientBoosting,v1,d3598930,1309.15,1699.17,2.345,2026-09-08 08:38:45+00:00
2026-06-24 21:00:00+00:00,HistGradientBoosting,v1,d3598930,1863.52,2073.71,3.234,2026-09-08 08:38:45+00:00
2026-06-25 21:00:00+00:00,HistGradientBoosting,v1,d3598930,1346.46,1663.61,2.378,2026-09-08 08:38:45+00:00
2026-06-26 21:00:00+00:00,HistGradientBoosting,v1,d3598930,2464.82,2885.16,4.835,2026-09-08 08:38:45+00:00
2026-06-27 21:00:00+00:00,HistGradientBoosting,v1,d3598930,1410.35,1758.36,2.931,2026-09-08 08:38:45+00:00
2026-06-28 21:00:00+00:00,HistGradientBoosting,v1,d3598930,1432.2,1905.17,2.465,2026-09-08 08:38:45+00:00
2026-06-29 21:00:00+00:00,HistGradientBoosting,v1,d3598930,1741.64,2034.05,2.988,2026-09-08 08:38:45+00:00
2026-06-30 21:00:00+00:00,HistGradientBoosting,v1,d3598930,810.48,1022.53,1.48,2026-09-08 08:38:45+00:00
2026-07-01 21:00:00+00:00,HistGradientBoosting,v1,d3598930,2377.47,2840.92,4.089,2026-09-08 08:38:45+00:00
2026-07-02 21:00:00+00:00,HistGradientBoosting,v1,d3598930,2757.56,2952.17,5.218,2026-09-08 08:38:45+00:00
2026-07-03 21:00:00+00:00,HistGradientBoosting,v1,d3598930,2274.28,2704.67,4.772,2026-09-08 08:38:45+00:00
2026-07-04 21:00:00+00:00,HistGradientBoosting,v1,d3598930,1385.58,1681.0,3.238,2026-09-08 08:38:45+00:00
2026-07-05 21:00:00+00:00,HistGradientBoosting,v1,d3598930,2135.98,2551.3,3.853,2026-09-08 08:38:45+00:00
2026-07-06 21:00:00+00:00,HistGradientBoosting,v1,d3598930,1881.17,2296.43,3.402,2026-09-08 08:38:45+00:00
2026-07-07 21:00:00+00:00,HistGradientBoosting,v1,d3598930,932.79,1142.87,1.778,2026-09-08 08:38:45+00:00
2026-07-08 21:00:00+00:00,HistGradientBoosting,v1,d3598930,1031.3,1245.92,1.887,2026-09-08 08:38:45+00:00
2026-07-09 21:00:00+00:00,HistGradientBoosting,v1,d3598930,1532.22,1856.68,2.905,2026-09-08 08:38:45+00:00
2026-07-10 21:00:00+00:00,HistGradientBoosting,v1,d3598930,1218.57,1506.55,2.637,2026-09-08 08:38:45+00:00
2026-07-11 21:00:00+00:00,HistGradientBoosting,v1,d3598930,1488.43,1924.24,3.365,2026-09-08 08:38:45+00:00
2026-07-12 21:00:00+00:00,HistGradientBoosting,v1,d3598930,1620.17,1943.73,2.92,2026-09-08 08:38:45+00:00
2026-07-13 21:00:00+00:00,HistGradientBoosting,v1,d3598930,1046.1,1345.64,1.864,2026-09-08 08:38:45+00:00
2026-07-14 21:00:00+00:00,HistGradientBoosting,v1,d3598930,1091.11,1407.35,1.969,2026-09-08 08:38:45+00:00
2026-07-15 21:00:00+00:00,HistGradientBoosting,v1,d3598930,645.14,842.58,1.161,2026-09-08 08:38:45+00:00
2026-07-16 21:00:00+00:00,HistGradientBoosting,v1,d3598930,1240.82,1424.79,2.299,2026-09-08 08:38:45+00:00
2026-07-17 21:00:00+00:00,HistGradientBoosting,v1,d3598930,685.99,821.27,1.511,2026-09-08 08:38:45+00:00
2026-07-18 21:00:00+00:00,HistGradientBoosting,v1,d3598930,1216.95,1490.75,2.818,2026-09-08 08:38:45+00:00
2026-07-19 21:00:00+00:00,HistGradientBoosting,v1,d3598930,956.56,1180.01,1.81,2026-09-08 08:38:45+00:00
2026-07-20 21:00:00+00:00,HistGradientBoosting,v1,d3598930,1682.01,2005.79,3.089,2026-09-08 08:38:45+00:00
2026-07-21 21:00:00+00:00,HistGradientBoosting,v1,d3598930,931.02,1125.85,1.711,2026-09-08 08:38:45+00:00
2026-07-22 21:00:00+00:00,HistGradientBoosting,v1,d3598930,1481.91,1927.51,2.777,2026-09-08 08:38:45+00:00
2026-07-23 21:00:00+00:00,HistGradientBoosting,v1,d3598930,1194.84,1460.28,2.265,2026-09-08 08:38:45+00:00
2026-07-24 21:00:00+00:00,HistGradientBoosting,v1,d3598930,1599.7,1849.68,3.446,2026-09-08 08:38:45+00:00
2026-07-25 21:00:00+00:00,HistGradientBoosting,v1,d3598930,1208.38,1549.49,2.78,2026-09-08 08:38:45+00:00
2026-07-26 21:00:00+00:00,HistGradientBoosting,v1,d3598930,1032.66,1268.4,2.103,2026-09-08 08:38:45+00:00
2026-07-27 21:00:00+00:00,HistGradientBoosting,v1,d3598930,1120.04,1483.67,2.138,2026-09-08 08:38:45+00:00
2026-07-28 21:00:00+00:00,HistGradientBoosting,v1,d3598930,1199.41,1560.69,2.21,2026-09-08 08:38:45+00:00
2026-07-29 21:00:00+00:00,HistGradientBoosting,v1,d3598930,1731.92,2165.08,3.121,2026-09-08 08:38:45+00:00
2026-07-30 21:00:00+00:00,HistGradientBoosting,v1,d3598930,1164.47,1335.37,2.179,2026-09-08 08:38:45+00:00
2026-07-31 21:00:00+00:00,HistGradientBoosting,v1,d3598930,1144.7,1331.98,2.534,2026-09-08 08:38:45+00:00
2026-08-01 21:00:00+00:00,HistGradientBoosting,v1,d3598930,1600.95,1833.02,3.715,2026-09-08 08:38:45+00:00
2026-08-02 21:00:00+00:00,HistGradientBoosting,v1,d3598930,920.5,1145.78,1.711,2026-09-08 08:38:45+00:00
2026-08-03 21:00:00+00:00,HistGradientBoosting,v1,d3598930,883.54,1074.34,1.681,2026-09-08 08:38:45+00:00
2026-08-04 21:00:00+00:00,HistGradientBoosting,v1,d3598930,1758.4,2113.52,3.282,2026-09-08 08:38:45+00:00
2026-08-05 21:00:00+00:00,HistGradientBoosting,v1,d3598930,1999.8,2728.89,3.858,2026-09-08 08:38:45+00:00
2026-08-06 21:00:00+00:00,HistGradientBoosting,v1,d3598930,2576.59,3213.63,5.169,2026-09-08 08:38:45+00:00
2026-08-07 21:00:00+00:00,HistGradientBoosting,v1,d3598930,742.63,920.96,1.774,2026-09-08 08:38:45+00:00
2026-08-08 21:00:00+00:00,HistGradientBoosting,v1,d3598930,1020.4,1223.99,2.5,2026-09-08 08:38:45+00:00
2026-08-09 21:00:00+00:00,HistGradientBoosting,v1,d3598930,1203.92,1541.49,2.317,2026-09-08 08:38:45+00:00
2026-08-10 21:00:00+00:00,HistGradientBoosting,v1,d3598930,1809.1,2223.77,3.408,2026-09-08 08:38:45+00:00
2026-08-11 21:00:00+00:00,HistGradientBoosting,v1,d3598930,390.61,457.17,0.82,2026-09-08 08:38:45+00:00
2026-08-12 21:00:00+00:00,HistGradientBoosting,v1,d3598930,743.2,852.05,1.485,2026-09-08 08:38:45+00:00
2026-08-13 21:00:00+00:00,HistGradientBoosting,v1,d3598930,1093.81,1382.86,2.145,2026-09-08 08:38:45+00:00
2026-08-14 21:00:00+00:00,HistGradientBoosting,v1,d3598930,1759.92,2139.83,3.918,2026-09-08 08:38:45+00:00
2026-08-15 21:00:00+00:00,HistGradientBoosting,v1,d3598930,1534.02,1769.64,3.616,2026-09-08 08:38:45+00:00
2026-08-16 21:00:00+00:00,HistGradientBoosting,v1,d3598930,1705.39,1960.82,3.371,2026-09-08 08:38:45+00:00
2026-08-17 21:00:00+00:00,HistGradientBoosting,v1,d3598930,656.92,796.37,1.297,2026-09-08 08:38:45+00:00
2026-08-18 21:00:00+00:00,HistGradientBoosting,v1,d3598930,1638.11,2098.62,3.143,2026-09-08 08:38:45+00:00
2026-08-19 21:00:00+00:00,HistGradientBoosting,v1,d3598930,1206.37,1363.71,2.565,2026-09-08 08:38:45+00:00
2026-08-20 21:00:00+00:00,HistGradientBoosting,v1,d3598930,1377.01,1525.58,2.914,2026-09-08 08:38:45+00:00
2026-08-21 21:00:00+00:00,HistGradientBoosting,v1,d3598930,1718.43,2179.99,3.917,2026-09-08 08:38:45+00:00
2026-08-22 21:00:00+00:00,HistGradientBoosting,v1,d3598930,2608.74,2850.0,6.401,2026-09-08 08:38:45+00:00
2026-08-23 21:00:00+00:00,HistGradientBoosting,v1,d3598930,967.88,1146.17,1.968,2026-09-08 08:38:45+00:00
2026-08-24 21:00:00+00:00,HistGradientBoosting,v1,d3598930,731.0,929.42,1.458,2026-09-08 08:38:45+00:00
2026-08-25 21:00:00+00:00,HistGradientBoosting,v1,d3598930,1222.23,1495.91,2.288,2026-09-08 08:38:45+00:00
2026-08-26 21:00:00+00:00,HistGradientBoosting,v1,d3598930,1934.14,2175.54,3.71,2026-09-08 08:38:45+00:00
2026-08-27 21:00:00+00:00,HistGradientBoosting,v1,d3598930,1373.25,1639.63,2.722,2026-09-08 08:38:45+00:00
2026-08-28 21:00:00+00:00,HistGradientBoosting,v1,d3598930,660.42,827.9,1.531,2026-09-08 08:38:45+00:00
2026-08-29 21:00:00+00:00,HistGradientBoosting,v1,d3598930,1520.99,1578.64,4.246,2026-09-08 08:38:45+00:00
