origin,model,mae,rmse,smape
2025-11-02 21:00:00+00:00,Seasonal naive,10896.37125,12251.82758743211,20.112132893094916
2025-11-02 21:00:00+00:00,SARIMAX,12116.569820159124,13554.205196788083,22.578607998233583
2025-11-02 21:00:00+00:00,HistGradientBoosting,1822.5650221519052,2121.1545830302216,3.3208387338325696
2025-11-03 21:00:00+00:00,Seasonal naive,2707.673749999999,3730.762981287585,5.454378476854455
2025-11-03 21:00:00+00:00,SARIMAX,5661.320141013585,5989.960035884689,9.02310707784831
2025-11-03 21:00:00+00:00,HistGradientBoosting,1945.9605574776087,2454.3883646110876,3.1925931418863023
2025-11-04 21:00:00+00:00,Seasonal naive,809.9637499999993,1007.8064051795025,1.3733858706277593
2025-11-04 21:00:00+00:00,SARIMAX,1728.5704416217077,2089.558761203764,2.832810014942682
2025-11-04 21:00:00+00:00,HistGradientBoosting,1096.8164162691128,1294.5148627362175,1.8978640191717975
2025-11-05 21:00:00+00:00,Seasonal naive,797.3149999999996,926.5418052135225,1.3683901691160285
2025-11-05 21:00:00+00:00,SARIMAX,2284.5327235169566,2700.5306375466353,3.7742302135348784
2025-11-05 21:00:00+00:00,HistGradientBoosting,993.1470726149367,1400.653284717913,1.8701708613053578
2025-11-06 21:00:00+00:00,Seasonal naive,1398.7058333333325,1754.0654874676147,2.364068939741652
2025-11-06 21:00:00+00:00,SARIMAX,1549.7042501802907,1835.6700944012512,2.713505263904588
2025-11-06 21:00:00+00:00,HistGradientBoosting,4563.92408235516,5339.281823458325,7.664869860462514
2025-11-07 21:00:00+00:00,Seasonal naive,7840.227083333332,8730.165133533414,13.883223782482974
2025-11-07 21:00:00+00:00,SARIMAX,4260.048102131858,5249.59470762472,7.746516373450348
2025-11-07 21:00:00+00:00,HistGradientBoosting,3824.8033543761935,5023.826903649431,7.5650426911124695
2025-11-08 21:00:00+00:00,Seasonal naive,3448.705416666666,3922.1678149892437,7.334219519366976
2025-11-08 21:00:00+00:00,SARIMAX,2086.5458826193567,2475.8299332623296,4.333490389607345
2025-11-08 21:00:00+00:00,HistGradientBoosting,1501.4017688450247,1726.8284279426637,3.1734006485479163
2025-11-09 21:00:00+00:00,Seasonal naive,9723.800833333333,11184.080709330785,17.788808212886376
2025-11-09 21:00:00+00:00,SARIMAX,9880.761262540049,11444.819544493153,17.914842685405137
2025-11-09 21:00:00+00:00,HistGradientBoosting,1845.1481166299307,2614.981908986005,3.513015321332986
2025-11-10 21:00:00+00:00,Seasonal naive,1880.5579166666657,2660.6347399939173,3.815048374587235
2025-11-10 21:00:00+00:00,SARIMAX,2178.4514623561704,2285.4019184316367,3.594306647775364
2025-11-10 21:00:00+00:00,HistGradientBoosting,988.6166286193356,1229.0353412023837,1.6682905806626074
2025-11-11 21:00:00+00:00,Seasonal naive,750.2929166666654,893.51484279548,1.2057996381250273
2025-11-11 21:00:00+00:00,SARIMAX,1928.3369730700651,2162.4539470431287,3.1337680929636313
2025-11-11 21:00:00+00:00,HistGradientBoosting,648.0956348772703,869.3086865178652,1.1749748455164462
2025-11-12 21:00:00+00:00,Seasonal naive,950.0600000000013,1120.4171509866324,1.638691759739216
2025-11-12 21:00:00+00:00,SARIMAX,1154.4821257431174,1485.1321012821813,1.8050674976496055
2025-11-12 21:00:00+00:00,HistGradientBoosting,660.3948689012332,855.9945815472781,1.1043896830265638
2025-11-13 21:00:00+00:00,Seasonal naive,2616.1583333333338,2706.7001868788507,4.416909218591692
2025-11-13 21:00:00+00:00,SARIMAX,1519.430903124726,1701.037191999054,2.776378021199777
2025-11-13 21:00:00+00:00,HistGradientBoosting,1717.7263660708497,1831.050404484224,2.9913332526898233
2025-11-14 21:00:00+00:00,Seasonal naive,6445.531666666665,7366.094564671521,11.276875173410962
2025-11-14 21:00:00+00:00,SARIMAX,3969.987114630787,4668.773472092579,7.167879252589171
2025-11-14 21:00:00+00:00,HistGradientBoosting,861.9022703720993,1082.3362849807204,1.6201479433967616
2025-11-15 21:00:00+00:00,Seasonal naive,3966.467916666667,4340.095066674327,8.211054968680516
2025-11-15 21:00:00+00:00,SARIMAX,1921.685050371471,2625.120145872504,3.9226197757930468
2025-11-15 21:00:00+00:00,HistGradientBoosting,1186.0955218443403,1555.7891389229233,2.5649068111925466
2025-11-16 21:00:00+00:00,Seasonal naive,13144.813333333332,14531.093229741009,23.249923535473386
2025-11-16 21:00:00+00:00,SARIMAX,11994.608307084369,13747.198783660133,20.670577666776126
2025-11-16 21:00:00+00:00,HistGradientBoosting,4442.27638085381,5147.7411708213895,7.081003261138903
2025-11-17 21:00:00+00:00,Seasonal naive,2978.366666666668,4009.587583619626,5.486463454138222
2025-11-17 21:00:00+00:00,SARIMAX,3420.11525112446,3829.6291056401874,5.15155757252965
2025-11-17 21:00:00+00:00,HistGradientBoosting,2716.8883738749087,3481.824154649749,4.439836393103875
2025-11-18 21:00:00+00:00,Seasonal naive,891.6854166666675,1317.82568354879,1.4721165392257056
2025-11-18 21:00:00+00:00,SARIMAX,1673.9939401643933,1853.936662550728,2.6391913054698595
2025-11-18 21:00:00+00:00,HistGradientBoosting,1283.1420658666157,1662.465715612422,2.157886318732802
2025-11-19 21:00:00+00:00,Seasonal naive,801.1820833333319,928.9989322719913,1.2764657325545221
2025-11-19 21:00:00+00:00,SARIMAX,1685.62665937005,1862.3856521658997,2.7320944593561323
2025-11-19 21:00:00+00:00,HistGradientBoosting,623.4138130222091,832.2184290321912,1.0137908394642128
2025-11-20 21:00:00+00:00,Seasonal naive,3010.3595833333334,3273.6662220150824,4.8945171564198615
2025-11-20 21:00:00+00:00,SARIMAX,2153.337170197184,2499.533275862358,3.3779337530145703
2025-11-20 21:00:00+00:00,HistGradientBoosting,2221.1526851522162,2487.8027768008965,3.7095129490262835
2025-11-21 21:00:00+00:00,Seasonal naive,6308.280416666667,7357.50590156378,10.401762572922552
2025-11-21 21:00:00+00:00,SARIMAX,2970.604998002114,4181.628451058968,5.029148124679613
2025-11-21 21:00:00+00:00,HistGradientBoosting,1769.463516555106,2040.8958301739167,3.1644584919353087
2025-11-22 21:00:00+00:00,Seasonal naive,2165.032083333334,2427.7413562258175,4.019357361978549
2025-11-22 21:00:00+00:00,SARIMAX,2156.9570641477003,2517.4809735883637,3.894719067019963
2025-11-22 21:00:00+00:00,HistGradientBoosting,4556.107377900303,5124.433001127687,8.400726963047543
2025-11-23 21:00:00+00:00,Seasonal naive,8732.082083333333,10574.353272657507,14.285927833224926
2025-11-23 21:00:00+00:00,SARIMAX,8309.254222715195,10280.401893398819,13.35447734022354
2025-11-23 21:00:00+00:00,HistGradientBoosting,2174.6523083792936,2661.4726558672746,3.4423856465448934
2025-11-24 21:00:00+00:00,Seasonal naive,1236.0925000000004,1457.1959927259854,1.880946981048935
2025-11-24 21:00:00+00:00,SARIMAX,1196.5693564753374,1453.364345034232,2.0447997214280185
2025-11-24 21:00:00+00:00,HistGradientBoosting,2417.7388276892175,2866.913097660519,4.058385942422402
2025-11-25 21:00:00+00:00,Seasonal naive,877.236666666667,1119.816577740896,1.3249682780105976
2025-11-25 21:00:00+00:00,SARIMAX,2387.999774652498,2843.3665876958453,3.610571070619977
2025-11-25 21:00:00+00:00,HistGradientBoosting,1176.2230425140924,1345.2279250230456,1.9006805380036305
2025-11-26 21:00:00+00:00,Seasonal naive,2328.3912500000015,2469.635338254248,3.5457284471610735
2025-11-26 21:00:00+00:00,SARIMAX,2406.06303770816,2666.548415091002,3.596022519980996
2025-11-26 21:00:00+00:00,HistGradientBoosting,2314.087297759704,2658.564626582776,3.4524620434134157
2025-11-27 21:00:00+00:00,Seasonal naive,2905.8916666666664,3458.843924922747,4.5102321269454455
2025-11-27 21:00:00+00:00,SARIMAX,2743.3758950043593,3399.0513321745775,4.061991247371953
2025-11-27 21:00:00+00:00,HistGradientBoosting,2877.9055576054284,3802.074931921327,4.728176727053721
2025-11-28 21:00:00+00:00,Seasonal naive,10023.46625,10782.427699554532,16.781607181484958
2025-11-28 21:00:00+00:00,SARIMAX,5645.7555071270845,6646.61862704651,9.757610217155394
2025-11-28 21:00:00+00:00,HistGradientBoosting,5299.094015469257,5560.486937941352,9.3622348252671
2025-11-29 21:00:00+00:00,Seasonal naive,2289.9375,2660.109366669285,4.464337309877017
2025-11-29 21:00:00+00:00,SARIMAX,3185.6540856359884,3703.0539545689307,6.1937615998510855
2025-11-29 21:00:00+00:00,HistGradientBoosting,2090.4636225215136,2630.133047163419,3.8649714758626477
2025-11-30 21:00:00+00:00,Seasonal naive,11220.595833333333,12490.408892173358,18.872550456563186
2025-11-30 21:00:00+00:00,SARIMAX,10659.191040895263,12211.298199752035,17.629154870030806
2025-11-30 21:00:00+00:00,HistGradientBoosting,1905.2579040504595,2191.277204976854,3.1240356483800897
2025-12-01 21:00:00+00:00,Seasonal naive,2763.8737499999993,3152.4192730061827,4.643047733075627
2025-12-01 21:00:00+00:00,SARIMAX,2890.9373151001623,3157.2880321526986,4.455158190010807
2025-12-01 21:00:00+00:00,HistGradientBoosting,884.4804499287184,1275.2066841857923,1.452183637401615
2025-12-02 21:00:00+00:00,Seasonal naive,1374.134583333331,1629.685525616571,2.1873080996764163
2025-12-02 21:00:00+00:00,SARIMAX,1459.4483313181165,1637.16249876977,2.265090023388151
2025-12-02 21:00:00+00:00,HistGradientBoosting,1586.73646384866,1677.1870406920339,2.435167787514642
2025-12-03 21:00:00+00:00,Seasonal naive,534.6029166666649,619.2055463219234,0.8343056793120066
2025-12-03 21:00:00+00:00,SARIMAX,1996.925701910511,2281.7448030801734,2.9927643925161207
2025-12-03 21:00:00+00:00,HistGradientBoosting,1541.5943998215891,1796.5737161581644,2.4696024136758723
2025-12-04 21:00:00+00:00,Seasonal naive,1814.372500000002,2250.465554920436,2.7690190976397298
2025-12-04 21:00:00+00:00,SARIMAX,1446.533440716922,1753.3951885427532,2.3106152011563545
2025-12-04 21:00:00+00:00,HistGradientBoosting,1723.5341208743703,1804.5071984291967,2.7374334882134357
2025-12-05 21:00:00+00:00,Seasonal naive,7682.998749999999,8405.846535828747,12.811239161519552
2025-12-05 21:00:00+00:00,SARIMAX,4032.4579131231835,5015.561316361629,6.914807537254227
2025-12-05 21:00:00+00:00,HistGradientBoosting,1875.8374867928912,2054.1394901832728,3.3718237478271433
2025-12-06 21:00:00+00:00,Seasonal naive,5572.395416666666,5953.975722419642,10.704278375998904
2025-12-06 21:00:00+00:00,SARIMAX,1677.1369092143468,2060.2277858201596,3.362698743515029
2025-12-06 21:00:00+00:00,HistGradientBoosting,1231.6061225670064,1438.9796059368791,2.5623977258118518
2025-12-07 21:00:00+00:00,Seasonal naive,11965.07875,13540.92100222553,20.644448142296536
2025-12-07 21:00:00+00:00,SARIMAX,12480.412233995527,14187.361630582345,21.523348544099786
2025-12-07 21:00:00+00:00,HistGradientBoosting,999.5640643566782,1463.1028610654892,1.654171046909316
2025-12-08 21:00:00+00:00,Seasonal naive,2157.252500000001,2407.513074713546,3.6105910324436414
2025-12-08 21:00:00+00:00,SARIMAX,3971.600289755686,4180.1370931089605,6.320198018438496
2025-12-08 21:00:00+00:00,HistGradientBoosting,3742.856579644916,3917.4942377787115,6.02929270622393
2025-12-09 21:00:00+00:00,Seasonal naive,1582.232916666667,1923.6900464331138,2.460163216388746
2025-12-09 21:00:00+00:00,SARIMAX,3487.562075374774,3980.3292072291656,5.4551027645110395
2025-12-09 21:00:00+00:00,HistGradientBoosting,1023.846732904953,1143.1710393947078,1.6586718790689055
2025-12-10 21:00:00+00:00,Seasonal naive,869.0833333333345,1001.0818477194238,1.4406500843444372
2025-12-10 21:00:00+00:00,SARIMAX,914.8806669438349,1118.554244497811,1.5731537662786936
2025-12-10 21:00:00+00:00,HistGradientBoosting,940.8619102592193,1151.0957157435766,1.5275030792854343
2025-12-11 21:00:00+00:00,Seasonal naive,3588.5291666666685,4150.312327148807,5.533234224734916
2025-12-11 21:00:00+00:00,SARIMAX,3042.055085334676,3289.1159791091077,4.8739091421063305
2025-12-11 21:00:00+00:00,HistGradientBoosting,3253.6784294682275,3436.1996922280814,5.182705970765828
2025-12-12 21:00:00+00:00,Seasonal naive,5610.239166666666,6456.12265675382,9.693892169817289
2025-12-12 21:00:00+00:00,SARIMAX,1770.7772220806548,3212.916478452305,3.174604512695757
2025-12-12 21:00:00+00:00,HistGradientBoosting,652.1288814382615,757.9817906280368,1.2008958917337071
2025-12-13 21:00:00+00:00,Seasonal naive,1817.0712500000002,2004.583796673888,3.5199422497568436
2025-12-13 21:00:00+00:00,SARIMAX,1837.4158505196572,2450.0901036386185,3.3212732139449117
2025-12-13 21:00:00+00:00,HistGradientBoosting,3932.8565706522427,4447.371806912962,7.424462174291901
2025-12-14 21:00:00+00:00,Seasonal naive,8643.61,10037.722717576018,14.590113239761868
2025-12-14 21:00:00+00:00,SARIMAX,7972.307572316105,9623.813828766935,13.119450698279593
2025-12-14 21:00:00+00:00,HistGradientBoosting,1637.1736231050365,1960.243292404436,2.5574211710624186
2025-12-15 21:00:00+00:00,Seasonal naive,1139.5041666666682,1342.5681092158181,1.90610655643365
2025-12-15 21:00:00+00:00,SARIMAX,2103.196339139141,2170.156892462548,3.4586649607786293
2025-12-15 21:00:00+00:00,HistGradientBoosting,717.1336130145497,827.2667800217988,1.22553860191767
2025-12-16 21:00:00+00:00,Seasonal naive,787.2670833333314,938.5134965176749,1.2567627390018907
2025-12-16 21:00:00+00:00,SARIMAX,637.9081196083622,858.9042014123502,1.0031477820203418
2025-12-16 21:00:00+00:00,HistGradientBoosting,1740.2662927435747,2079.830339065361,2.7010683507046913
2025-12-17 21:00:00+00:00,Seasonal naive,902.7029166666671,1075.3245591932546,1.5477218835285138
2025-12-17 21:00:00+00:00,SARIMAX,2017.652580566438,2310.6483720577903,3.2834471909116574
2025-12-17 21:00:00+00:00,HistGradientBoosting,770.6141339158015,1024.6919531292872,1.2237538148870388
2025-12-18 21:00:00+00:00,Seasonal naive,2481.4866666666667,2984.049198146427,4.139314229893564
2025-12-18 21:00:00+00:00,SARIMAX,1775.2542345760858,2386.771334198361,2.9173880585234215
2025-12-18 21:00:00+00:00,HistGradientBoosting,1486.618181050725,1718.77161747934,2.565777438852964
2025-12-19 21:00:00+00:00,Seasonal naive,8552.346666666666,9218.288414322096,15.683215090076468
2025-12-19 21:00:00+00:00,SARIMAX,3240.713841016522,4415.158545551439,6.230964043856942
2025-12-19 21:00:00+00:00,HistGradientBoosting,3086.809706658713,3318.1887182313176,5.848572685961982
2025-12-20 21:00:00+00:00,Seasonal naive,2077.5704166666674,2285.1035445221087,4.333877466726314
2025-12-20 21:00:00+00:00,SARIMAX,1720.1221286287728,2183.6906823993936,3.5158011801473634
2025-12-20 21:00:00+00:00,HistGradientBoosting,1944.1875220320933,2367.3971751900335,3.7291942430873735
2025-12-21 21:00:00+00:00,Seasonal naive,7261.494583333333,8106.936279872984,13.656811271616585
2025-12-21 21:00:00+00:00,SARIMAX,7265.88434712655,8256.304665747592,13.498203859384907
2025-12-21 21:00:00+00:00,HistGradientBoosting,6335.811897143241,6936.310788286811,10.364831797299233
2025-12-22 21:00:00+00:00,Seasonal naive,814.1587499999993,1091.022977085802,1.5385428952383176
2025-12-22 21:00:00+00:00,SARIMAX,2431.740231635588,2784.672942632069,4.587916938891815
2025-12-22 21:00:00+00:00,HistGradientBoosting,2001.319617462111,2968.517316293858,3.6224433070922415
2025-12-23 21:00:00+00:00,Seasonal naive,4795.213333333334,5568.066551773904,8.526994306761047
2025-12-23 21:00:00+00:00,SARIMAX,3517.7314843222,4028.3407213551,6.407373529569884
2025-12-23 21:00:00+00:00,HistGradientBoosting,6466.368842611631,7340.025356060912,11.472422076094768
2025-12-24 21:00:00+00:00,Seasonal naive,3003.2841666666664,3638.152170873743,5.967570998986512
2025-12-24 21:00:00+00:00,SARIMAX,1856.8098530143816,2231.212138007364,3.9298624346423097
2025-12-24 21:00:00+00:00,HistGradientBoosting,3215.712610304141,4446.956950397386,6.373958502333373
2025-12-25 21:00:00+00:00,Seasonal naive,585.2562499999982,637.1507558426272,1.2345252564214741
2025-12-25 21:00:00+00:00,SARIMAX,350.41424149755704,423.38594864942905,0.7301172182532819
2025-12-25 21:00:00+00:00,HistGradientBoosting,1993.1629676879545,2938.9545072452306,4.012631623871868
2025-12-26 21:00:00+00:00,Seasonal naive,3579.1629166666658,4320.425045845701,6.801263811632896
2025-12-26 21:00:00+00:00,SARIMAX,4527.29922418775,5490.871212305546,8.69229349841058
2025-12-26 21:00:00+00:00,HistGradientBoosting,5712.4856145739805,6123.27279342532,11.547575841826093
2025-12-27 21:00:00+00:00,Seasonal naive,2384.4270833333335,2779.3584376202416,4.560864712018129
2025-12-27 21:00:00+00:00,SARIMAX,3563.0260660109693,3970.0662851759776,6.855386552816501
2025-12-27 21:00:00+00:00,HistGradientBoosting,1316.9074024288868,1622.8536840229385,2.7371439829028774
2025-12-28 21:00:00+00:00,Seasonal naive,5025.666250000001,5601.4316245629725,9.425532420612706
2025-12-28 21:00:00+00:00,SARIMAX,4554.329839006704,5360.107310158684,8.343908114765512
2025-12-28 21:00:00+00:00,HistGradientBoosting,1946.9000548076208,2422.9236172497617,3.425561250186169
2025-12-29 21:00:00+00:00,Seasonal naive,786.8708333333334,959.7172896657296,1.4251292836521257
2025-12-29 21:00:00+00:00,SARIMAX,942.3590050918525,1172.031604239715,1.8332819630362973
2025-12-29 21:00:00+00:00,HistGradientBoosting,670.7078847009379,811.000135628402,1.2104898148792609
2025-12-30 21:00:00+00:00,Seasonal naive,2693.983333333333,3180.040599165625,4.923766047405039
2025-12-30 21:00:00+00:00,SARIMAX,1813.6033458094662,2285.4800860000723,3.3637449548783653
2025-12-30 21:00:00+00:00,HistGradientBoosting,1085.105327310506,1292.07063632468,2.0743990032689803
2025-12-31 21:00:00+00:00,Seasonal naive,3949.733333333334,4698.88385004088,7.865476864235698
2025-12-31 21:00:00+00:00,SARIMAX,2479.1365335148275,2952.5853640108326,5.135743547588021
2025-12-31 21:00:00+00:00,HistGradientBoosting,2729.8815380335645,3097.477874466501,5.646705240968148
2026-01-01 21:00:00+00:00,Seasonal naive,6603.381666666668,7826.607963413972,12.257567588861663
2026-01-01 21:00:00+00:00,SARIMAX,6747.578695759258,7858.519707777327,12.482459158153029
2026-01-01 21:00:00+00:00,HistGradientBoosting,7275.053954421778,8470.935636089393,13.46029836653888
2026-01-02 21:00:00+00:00,Seasonal naive,1942.3808333333338,2325.9403783649173,3.7035599690640892
2026-01-02 21:00:00+00:00,SARIMAX,3116.4430462140804,3470.269503273198,5.4461389978939705
2026-01-02 21:00:00+00:00,HistGradientBoosting,2148.7730885020997,2435.1532001926794,3.9012492240316727
2026-01-03 21:00:00+00:00,Seasonal naive,2055.9466666666663,2309.102759201071,3.810936750316355
2026-01-03 21:00:00+00:00,SARIMAX,1478.5570857860582,1671.442976294379,2.8558582223272118
2026-01-03 21:00:00+00:00,HistGradientBoosting,1037.07568496139,1469.4126203511028,2.0316530849077803
2026-01-04 21:00:00+00:00,Seasonal naive,7306.170416666667,8509.64194487176,12.41871937996283
2026-01-04 21:00:00+00:00,SARIMAX,8012.139858911481,9304.478710693369,13.625136018599102
2026-01-04 21:00:00+00:00,HistGradientBoosting,3946.232883419669,4561.015667989521,6.380840579407585
2026-01-05 21:00:00+00:00,Seasonal naive,1476.3262499999992,2315.487429044369,2.802606428094535
2026-01-05 21:00:00+00:00,SARIMAX,1966.784475208153,2147.6043669857163,3.09946880544492
2026-01-05 21:00:00+00:00,HistGradientBoosting,1987.914403806615,2381.7234469539617,3.2302089498586746
2026-01-06 21:00:00+00:00,Seasonal naive,5750.413333333333,6316.56152640224,8.604405027378776
2026-01-06 21:00:00+00:00,SARIMAX,5667.375250231681,6537.447062750241,8.324664924483937
2026-01-06 21:00:00+00:00,HistGradientBoosting,4911.95009145717,5349.640518980592,7.31149610712356
2026-01-07 21:00:00+00:00,Seasonal naive,1395.5945833333337,1870.4999080314954,2.2072574969823613
2026-01-07 21:00:00+00:00,SARIMAX,2085.448555707077,2277.826749545318,3.053487536076629
2026-01-07 21:00:00+00:00,HistGradientBoosting,5464.5610562569345,8223.626260175859,8.235229404444775
2026-01-08 21:00:00+00:00,Seasonal naive,1149.802500000001,1419.2278952450406,1.7825271035770032
2026-01-08 21:00:00+00:00,SARIMAX,1383.4423861684734,1548.349836353343,2.05645957332056
2026-01-08 21:00:00+00:00,HistGradientBoosting,3701.7069599071892,5955.574653972506,5.79956642540445
2026-01-09 21:00:00+00:00,Seasonal naive,6988.35125,8023.666304881816,10.8509340554675
2026-01-09 21:00:00+00:00,SARIMAX,3782.617172728673,5076.032138876366,6.026301725165148
2026-01-09 21:00:00+00:00,HistGradientBoosting,7570.868470693215,8815.186677741214,11.593773216600468
2026-01-10 21:00:00+00:00,Seasonal naive,1602.3658333333342,2029.1843411783304,2.672375121356339
2026-01-10 21:00:00+00:00,SARIMAX,1287.313633462476,1626.510474081676,2.2100203027192444
2026-01-10 21:00:00+00:00,HistGradientBoosting,2604.2806787668865,2813.081907230263,4.5584077357609765
2026-01-11 21:00:00+00:00,Seasonal naive,8642.476666666667,10532.616083800516,13.211055610877873
2026-01-11 21:00:00+00:00,SARIMAX,9169.388119823705,11050.996825533257,14.032138270621466
2026-01-11 21:00:00+00:00,HistGradientBoosting,2562.3143758999167,2929.066461701097,3.7969913475116077
2026-01-12 21:00:00+00:00,Seasonal naive,2460.619999999999,2986.4319932041535,3.5387392246923532
2026-01-12 21:00:00+00:00,SARIMAX,2765.749839532875,3052.897316536745,4.197940533888995
2026-01-12 21:00:00+00:00,HistGradientBoosting,2535.5524559847486,3156.247225380811,3.667295444036815
2026-01-13 21:00:00+00:00,Seasonal naive,992.7766666666679,1177.8404532625245,1.5266131629856845
2026-01-13 21:00:00+00:00,SARIMAX,1676.6342525047755,2036.3777537525398,2.4926909246924738
2026-01-13 21:00:00+00:00,HistGradientBoosting,1362.799544657774,1679.3007392533295,2.245050601096104
2026-01-14 21:00:00+00:00,Seasonal naive,1375.3316666666678,1569.5417629173396,2.2557713377720856
2026-01-14 21:00:00+00:00,SARIMAX,1665.6455320651949,1865.7778844431189,2.610267017144427
2026-01-14 21:00:00+00:00,HistGradientBoosting,3223.502392975019,3622.1025938149073,5.183641835052087
2026-01-15 21:00:00+00:00,Seasonal naive,1989.208750000001,2162.1375465044243,3.1924840255514013
2026-01-15 21:00:00+00:00,SARIMAX,1250.3292866965219,1561.4701259249105,1.9954543989577374
2026-01-15 21:00:00+00:00,HistGradientBoosting,1342.2478308018074,1567.3935849536076,2.1121279628976923
2026-01-16 21:00:00+00:00,Seasonal naive,7515.69625,8567.396133135348,12.429503115994336
2026-01-16 21:00:00+00:00,SARIMAX,3896.9137175511237,5235.114084270039,6.61331774509934
2026-01-16 21:00:00+00:00,HistGradientBoosting,4472.554213821339,5038.019758588816,7.515512011768982
2026-01-17 21:00:00+00:00,Seasonal naive,2291.8412499999995,2538.182383203414,4.252136929215668
2026-01-17 21:00:00+00:00,SARIMAX,1827.91564783389,2613.733283535388,3.285727357067269
2026-01-17 21:00:00+00:00,HistGradientBoosting,2123.0165376855166,2543.204662156267,3.885690934108188
2026-01-18 21:00:00+00:00,Seasonal naive,11181.417083333334,12480.197115402965,18.360742237227026
2026-01-18 21:00:00+00:00,SARIMAX,8982.629693686096,10682.801653662755,14.195659157716102
2026-01-18 21:00:00+00:00,HistGradientBoosting,1648.9301186311138,2048.5434458413456,2.585764735727701
2026-01-19 21:00:00+00:00,Seasonal naive,1472.0345833333347,1931.9333049273469,2.4900599801023486
2026-01-19 21:00:00+00:00,SARIMAX,2894.890571598784,3045.8150109883677,4.306568582920151
2026-01-19 21:00:00+00:00,HistGradientBoosting,5146.511736718682,7258.087549839347,7.886107720798034
2026-01-20 21:00:00+00:00,Seasonal naive,1004.1599999999984,1121.6863253675974,1.4978544368178028
2026-01-20 21:00:00+00:00,SARIMAX,1928.4003620327667,2149.555052006382,2.819468729401398
2026-01-20 21:00:00+00:00,HistGradientBoosting,4475.606878951902,6516.081924358007,6.948672833875006
2026-01-21 21:00:00+00:00,Seasonal naive,2182.3283333333316,2278.8881640999834,3.214835249478449
2026-01-21 21:00:00+00:00,SARIMAX,2373.795721626651,2744.211347857529,3.3407902995508074
2026-01-21 21:00:00+00:00,HistGradientBoosting,4885.604880794205,6007.703891527486,7.302738058610248
2026-01-22 21:00:00+00:00,Seasonal naive,1545.8966666666645,1702.4653571438662,2.2398730686994526
2026-01-22 21:00:00+00:00,SARIMAX,1223.6858759167455,1439.799371837743,1.894967846523749
2026-01-22 21:00:00+00:00,HistGradientBoosting,4483.360449946106,6787.887902546841,6.801287213253562
2026-01-23 21:00:00+00:00,Seasonal naive,8796.840833333334,9671.16019190347,13.65961028164895
2026-01-23 21:00:00+00:00,SARIMAX,5778.684952818233,6710.517641238652,9.184531254969427
2026-01-23 21:00:00+00:00,HistGradientBoosting,4743.731863165045,5714.738960852758,7.575560816569163
2026-01-24 21:00:00+00:00,Seasonal naive,3016.750833333333,3686.461620437453,5.527860023657844
2026-01-24 21:00:00+00:00,SARIMAX,4066.92217207615,5053.800447994187,7.17675080361978
2026-01-24 21:00:00+00:00,HistGradientBoosting,2955.2513867010816,3407.2981638272913,5.176996216143372
2026-01-25 21:00:00+00:00,Seasonal naive,10442.426666666664,12029.516520348672,16.50786682290481
2026-01-25 21:00:00+00:00,SARIMAX,8949.668521818434,10903.44969797533,13.707385434942628
2026-01-25 21:00:00+00:00,HistGradientBoosting,1726.4193375534057,2187.8786634039543,2.514701427806901
2026-01-26 21:00:00+00:00,Seasonal naive,1554.302083333334,1986.388216431814,2.3706311516133387
2026-01-26 21:00:00+00:00,SARIMAX,2237.015140627868,2585.165727724201,3.3242240993979224
2026-01-26 21:00:00+00:00,HistGradientBoosting,1535.162648194934,1889.4531859830283,2.1752436132662347
2026-01-27 21:00:00+00:00,Seasonal naive,981.9579166666663,1179.3986026131417,1.430576523048303
2026-01-27 21:00:00+00:00,SARIMAX,2308.389543565384,2703.7985398413493,3.308282256565287
2026-01-27 21:00:00+00:00,HistGradientBoosting,1024.340696761393,1473.6638207603428,1.4560165087960988
2026-01-28 21:00:00+00:00,Seasonal naive,1813.1991666666656,2137.0329461935444,2.5624052537847857
2026-01-28 21:00:00+00:00,SARIMAX,2231.1817163467495,2631.943692994206,3.1173731885063716
2026-01-28 21:00:00+00:00,HistGradientBoosting,1419.9629162006888,1891.8189351448134,1.961601384753885
2026-01-29 21:00:00+00:00,Seasonal naive,2345.291666666667,2861.7836136941487,3.2993776681648637
2026-01-29 21:00:00+00:00,SARIMAX,1636.8295672946967,1980.9829956200692,2.3717311967060417
2026-01-29 21:00:00+00:00,HistGradientBoosting,3434.455761985151,3861.1085935479564,5.154637205309727
2026-01-30 21:00:00+00:00,Seasonal naive,8496.6425,9326.73638850518,13.251893151289929
2026-01-30 21:00:00+00:00,SARIMAX,4270.904886996781,5398.458242165572,6.835131999825037
2026-01-30 21:00:00+00:00,HistGradientBoosting,2042.971544130585,2777.380071932904,3.4650544308276565
2026-01-31 21:00:00+00:00,Seasonal naive,2853.404583333333,3198.01562756696,5.13446480206742
2026-01-31 21:00:00+00:00,SARIMAX,1705.7460101534598,2206.436968307942,2.9774363755554645
2026-01-31 21:00:00+00:00,HistGradientBoosting,568.7964132991159,767.6089984183888,1.0030403272207498
2026-02-01 21:00:00+00:00,Seasonal naive,10403.092916666666,11796.870984000554,16.474215306952942
2026-02-01 21:00:00+00:00,SARIMAX,10446.776914814083,12029.62176876324,16.398713151720916
2026-02-01 21:00:00+00:00,HistGradientBoosting,907.5284395825823,1039.7210300108402,1.3857398145190256
2026-02-02 21:00:00+00:00,Seasonal naive,2863.375416666667,3261.186780743451,4.57053197369477
2026-02-02 21:00:00+00:00,SARIMAX,1765.1158602896892,1867.2905409911873,2.594098694733895
2026-02-02 21:00:00+00:00,HistGradientBoosting,1653.9010390725052,1830.595228702581,2.4107233009996425
2026-02-03 21:00:00+00:00,Seasonal naive,1458.9316666666664,1665.3670138240805,2.041414151103578
2026-02-03 21:00:00+00:00,SARIMAX,730.1557608331508,821.3701009958153,1.0932027712465857
2026-02-03 21:00:00+00:00,HistGradientBoosting,2451.5536393051043,2756.980676706339,3.68162296285859
2026-02-04 21:00:00+00:00,Seasonal naive,799.6649999999994,896.5349407580264,1.1707426115490163
2026-02-04 21:00:00+00:00,SARIMAX,2209.3917799708092,2618.853313709311,3.1454316395497792
2026-02-04 21:00:00+00:00,HistGradientBoosting,1995.6794125054214,2711.5779101191183,2.7852289027561654
2026-02-05 21:00:00+00:00,Seasonal naive,2202.8141666666656,2377.434315901281,3.261062282186497
2026-02-05 21:00:00+00:00,SARIMAX,924.9561437886659,1133.6050928653267,1.4938286109982315
2026-02-05 21:00:00+00:00,HistGradientBoosting,1573.057837160737,1703.516862949967,2.322924588174479
2026-02-06 21:00:00+00:00,Seasonal naive,9456.13125,10300.876598408386,15.217735843404
2026-02-06 21:00:00+00:00,SARIMAX,5419.83523163667,6448.757751996154,8.950873253566549
2026-02-06 21:00:00+00:00,HistGradientBoosting,1995.8792950660072,2516.14651983147,3.3675715601401257
2026-02-07 21:00:00+00:00,Seasonal naive,2883.2708333333344,3328.0405646929353,5.478640169981195
2026-02-07 21:00:00+00:00,SARIMAX,2753.1268060303123,3616.35517647779,5.027646371215991
2026-02-07 21:00:00+00:00,HistGradientBoosting,443.80520552082936,552.6319612324025,0.8644389124812024
2026-02-08 21:00:00+00:00,Seasonal naive,8824.674583333333,10311.85525136784,14.71513600735692
2026-02-08 21:00:00+00:00,SARIMAX,8024.304680105682,9657.108679219305,13.099243221200092
2026-02-08 21:00:00+00:00,HistGradientBoosting,949.4644737014672,1204.6277831066245,1.460409207100197
2026-02-09 21:00:00+00:00,Seasonal naive,1044.6762500000002,1567.8532105039367,1.938755967530277
2026-02-09 21:00:00+00:00,SARIMAX,1385.4818316351184,1438.0557028474682,2.206560801922524
2026-02-09 21:00:00+00:00,HistGradientBoosting,3474.250993622767,3634.4368228098942,5.393467225121211
2026-02-10 21:00:00+00:00,Seasonal naive,850.4849999999991,898.1375969564266,1.402391666869047
2026-02-10 21:00:00+00:00,SARIMAX,2317.6579775765845,2577.967375298795,3.5705501736979026
2026-02-10 21:00:00+00:00,HistGradientBoosting,2888.117341990745,3029.3543808332565,4.5552541395393655
2026-02-11 21:00:00+00:00,Seasonal naive,769.815833333334,900.9056634437384,1.1941469440696852
2026-02-11 21:00:00+00:00,SARIMAX,1563.3526095101176,1715.6710464778685,2.4099550977931927
2026-02-11 21:00:00+00:00,HistGradientBoosting,632.4961098579188,702.341707006047,1.0110771426657952
2026-02-12 21:00:00+00:00,Seasonal naive,1610.9216666666662,1972.711235182856,2.4597673131130677
2026-02-12 21:00:00+00:00,SARIMAX,894.4839265919521,1017.3781512156303,1.4157278842302017
2026-02-12 21:00:00+00:00,HistGradientBoosting,914.9274559326417,1098.9449506417798,1.4978407014720905
2026-02-13 21:00:00+00:00,Seasonal naive,6913.203333333332,7881.7447021561575,11.382491000503961
2026-02-13 21:00:00+00:00,SARIMAX,4397.819180585229,5487.810575347016,7.412917699639642
2026-02-13 21:00:00+00:00,HistGradientBoosting,1491.5509454850044,2025.7744761220322,2.689431136206254
2026-02-14 21:00:00+00:00,Seasonal naive,3855.9429166666673,4209.348971493396,7.085108779283317
2026-02-14 21:00:00+00:00,SARIMAX,2031.0727424191753,3034.1549067233227,3.7622724696806054
2026-02-14 21:00:00+00:00,HistGradientBoosting,1575.9564992153244,1876.812365776057,2.91932974865049
2026-02-15 21:00:00+00:00,Seasonal naive,11599.067083333333,12952.57887967312,19.4837770513961
2026-02-15 21:00:00+00:00,SARIMAX,8382.99380007685,10228.109771715352,13.405055154856171
2026-02-15 21:00:00+00:00,HistGradientBoosting,1936.9316035459794,2264.2676615789023,2.861721306309837
2026-02-16 21:00:00+00:00,Seasonal naive,1161.4320833333343,1334.0341458164296,1.7608125641793169
2026-02-16 21:00:00+00:00,SARIMAX,1255.6370170548435,1488.3408355753265,2.102147528890585
2026-02-16 21:00:00+00:00,HistGradientBoosting,947.9701305713388,1229.8222037004368,1.4063668302164445
2026-02-17 21:00:00+00:00,Seasonal naive,734.7375000000002,830.3861687090747,1.1822728172786519
2026-02-17 21:00:00+00:00,SARIMAX,1402.3478620613903,1661.3322040840246,2.1048753805612157
2026-02-17 21:00:00+00:00,HistGradientBoosting,700.0676791914005,858.8533992148587,1.10650660098882
2026-02-18 21:00:00+00:00,Seasonal naive,1698.231666666669,1906.0083940375698,2.571105276680098
2026-02-18 21:00:00+00:00,SARIMAX,2583.8657332086846,2950.8643172676047,3.8383623870164656
2026-02-18 21:00:00+00:00,HistGradientBoosting,1493.341744448738,1638.1483816145137,2.3340168931920298
2026-02-19 21:00:00+00:00,Seasonal naive,819.0341666666676,1044.7374762230957,1.279929711933632
2026-02-19 21:00:00+00:00,SARIMAX,736.7440387463843,860.9481490756737,1.1539794372645766
2026-02-19 21:00:00+00:00,HistGradientBoosting,2946.4847133929266,3197.668707851925,4.582085308465358
2026-02-20 21:00:00+00:00,Seasonal naive,8305.145416666666,9243.265068076369,13.219417848849488
2026-02-20 21:00:00+00:00,SARIMAX,6062.894783761331,6933.747488800355,9.852920652347821
2026-02-20 21:00:00+00:00,HistGradientBoosting,1167.4160520002808,1409.3687730866397,2.0284091645046107
2026-02-21 21:00:00+00:00,Seasonal naive,6675.595416666666,7155.091395348898,12.811254212432322
2026-02-21 21:00:00+00:00,SARIMAX,2415.028537359674,2683.3630085465206,4.9058550055499595
2026-02-21 21:00:00+00:00,HistGradientBoosting,1979.5903154872951,2287.745896505916,4.074046292049284
2026-02-22 21:00:00+00:00,Seasonal naive,10569.688333333334,12053.741008154895,18.477500371343037
2026-02-22 21:00:00+00:00,SARIMAX,11219.739909890244,12738.30443543487,19.602560941651827
2026-02-22 21:00:00+00:00,HistGradientBoosting,2321.6738790567274,2454.0573811040763,3.889100939930929
2026-02-23 21:00:00+00:00,Seasonal naive,1891.5462499999992,2096.264891663463,3.1695615578646965
2026-02-23 21:00:00+00:00,SARIMAX,3012.6618931802623,3140.664352238236,4.883106353237127
2026-02-23 21:00:00+00:00,HistGradientBoosting,2004.101150860184,2228.934535691293,3.1568374351495976
2026-02-24 21:00:00+00:00,Seasonal naive,1616.7233333333336,1901.8773284200886,2.712366113792705
2026-02-24 21:00:00+00:00,SARIMAX,1507.683168950438,1997.8090360640829,2.5229184161758638
2026-02-24 21:00:00+00:00,HistGradientBoosting,2040.7966906917065,2526.0889784414744,3.3006370703023076
2026-02-25 21:00:00+00:00,Seasonal naive,1449.7683333333332,1726.927690082882,2.5658505323196263
2026-02-25 21:00:00+00:00,SARIMAX,838.8457692655435,1058.3319574747745,1.3800900413061001
2026-02-25 21:00:00+00:00,HistGradientBoosting,1308.1922278048833,1807.0413891694127,2.1239817973308734
2026-02-26 21:00:00+00:00,Seasonal naive,2583.7887499999983,2814.812671507494,4.376812330351808
2026-02-26 21:00:00+00:00,SARIMAX,998.8636224167498,1156.5996286586228,1.7674858718341022
2026-02-26 21:00:00+00:00,HistGradientBoosting,2687.7462808602418,3104.884429040663,4.503341688960658
2026-02-27 21:00:00+00:00,Seasonal naive,7867.90625,8916.40339952929,14.587059376732554
2026-02-27 21:00:00+00:00,SARIMAX,3325.283499136354,4937.513153013302,6.41577527783607
2026-02-27 21:00:00+00:00,HistGradientBoosting,3299.1612798769943,3820.2765136181915,6.51635682322285
2026-02-28 21:00:00+00:00,Seasonal naive,1650.5341666666666,2120.912974729278,3.3096072546973687
2026-02-28 21:00:00+00:00,SARIMAX,1080.6928506219303,1282.612833469516,2.2790879646661213
2026-02-28 21:00:00+00:00,HistGradientBoosting,1447.4243139869816,1754.8773147541635,3.070069563687998
2026-03-01 21:00:00+00:00,Seasonal naive,8195.441666666668,9570.778102452017,15.320642404700061
2026-03-01 21:00:00+00:00,SARIMAX,8728.216023736832,10100.070010175716,16.34192851180748
2026-03-01 21:00:00+00:00,HistGradientBoosting,2248.5583768723704,2881.990108143049,4.052017239230305
2026-03-02 21:00:00+00:00,Seasonal naive,653.8704166666666,916.1490002791571,1.2240096251608354
2026-03-02 21:00:00+00:00,SARIMAX,2116.807762696085,2432.6570908655,3.9106592968347833
2026-03-02 21:00:00+00:00,HistGradientBoosting,1533.5883807350185,2086.689538018899,2.6136271768455357
2026-03-03 21:00:00+00:00,Seasonal naive,991.9550000000005,1253.9425638826795,1.875446650153041
2026-03-03 21:00:00+00:00,SARIMAX,1908.8671607246313,2010.3601322016139,3.3468253548916587
2026-03-03 21:00:00+00:00,HistGradientBoosting,1714.0847294190562,1855.1929078230305,3.057562669218599
2026-03-04 21:00:00+00:00,Seasonal naive,1098.7183333333332,1210.2631731191084,1.9783681313830053
2026-03-04 21:00:00+00:00,SARIMAX,970.5546619775574,1250.594597470329,1.8483598252144138
2026-03-04 21:00:00+00:00,HistGradientBoosting,1551.8439094423986,2080.331668277378,2.668229956427398
2026-03-05 21:00:00+00:00,Seasonal naive,1228.4483333333337,1705.3937884767265,2.1460504020543634
2026-03-05 21:00:00+00:00,SARIMAX,1253.7375904548173,1600.84030344475,2.1566891130662844
2026-03-05 21:00:00+00:00,HistGradientBoosting,1495.7963341208958,1761.6191768024833,2.6247310458416995
2026-03-06 21:00:00+00:00,Seasonal naive,8503.767083333332,9313.78836921435,16.048113533765317
2026-03-06 21:00:00+00:00,SARIMAX,5100.003633370184,6014.990747870298,9.879865092868709
2026-03-06 21:00:00+00:00,HistGradientBoosting,1295.7872154870313,1609.350402535206,2.646966544053701
2026-03-07 21:00:00+00:00,Seasonal naive,3211.479166666668,3448.35421237557,7.099000812231696
2026-03-07 21:00:00+00:00,SARIMAX,2481.982488620678,3520.1415346306057,5.389568190876769
2026-03-07 21:00:00+00:00,HistGradientBoosting,1861.6305833517963,2351.2878485641477,4.013861094663778
2026-03-08 21:00:00+00:00,Seasonal naive,10094.793749999999,11172.188494126647,19.720866177989688
2026-03-08 21:00:00+00:00,SARIMAX,7662.187596126804,9178.023179084605,14.30834088299787
2026-03-08 21:00:00+00:00,HistGradientBoosting,2438.0041840737026,3154.248203140495,4.11038245123554
2026-03-09 21:00:00+00:00,Seasonal naive,968.9999999999994,1285.9128817918945,1.941400936596212
2026-03-09 21:00:00+00:00,SARIMAX,1589.3886278225002,1663.729085918115,2.865703044786193
2026-03-09 21:00:00+00:00,HistGradientBoosting,843.2953039793365,982.3213317193158,1.4950265441127832
2026-03-10 21:00:00+00:00,Seasonal naive,3017.6670833333324,3608.0187740601946,5.0879540006138955
2026-03-10 21:00:00+00:00,SARIMAX,4461.874954810385,5190.690529492386,7.569153432599696
2026-03-10 21:00:00+00:00,HistGradientBoosting,3342.28174881145,4016.1157087366346,5.627011327903265
2026-03-11 21:00:00+00:00,Seasonal naive,1587.9412499999996,1850.609761082141,2.802227474693342
2026-03-11 21:00:00+00:00,SARIMAX,1533.1129969732465,1847.0096615887437,2.611206437060063
2026-03-11 21:00:00+00:00,HistGradientBoosting,813.0868546993728,901.211197974836,1.4026910941849708
2026-03-12 21:00:00+00:00,Seasonal naive,2119.42875,2519.312773123026,3.7161675399083194
2026-03-12 21:00:00+00:00,SARIMAX,1667.8090476277366,2256.1942197847075,2.7961174671065976
2026-03-12 21:00:00+00:00,HistGradientBoosting,1460.028977481026,1792.9878405391053,2.4667128897185315
2026-03-13 21:00:00+00:00,Seasonal naive,7623.85125,8417.558962937483,13.93011519207478
2026-03-13 21:00:00+00:00,SARIMAX,2694.828155469195,4076.972150675769,5.169131215250272
2026-03-13 21:00:00+00:00,HistGradientBoosting,1591.3093494561488,1942.438100431745,3.132112353123087
2026-03-14 21:00:00+00:00,Seasonal naive,2850.841666666666,3085.7865145939695,5.8260955429603145
2026-03-14 21:00:00+00:00,SARIMAX,1182.8589928006274,1599.6464335777628,2.422426299159049
2026-03-14 21:00:00+00:00,HistGradientBoosting,3012.335720950991,3266.053338012952,6.418589786807002
2026-03-15 21:00:00+00:00,Seasonal naive,11026.334583333331,12236.813689444956,20.098891788537838
2026-03-15 21:00:00+00:00,SARIMAX,10101.236971116194,11549.448489840033,18.05581737896147
2026-03-15 21:00:00+00:00,HistGradientBoosting,3269.7016747360885,3413.8223951275236,5.674598088021874
2026-03-16 21:00:00+00:00,Seasonal naive,1573.9512499999994,1867.1816916735313,2.765199409065728
2026-03-16 21:00:00+00:00,SARIMAX,3641.797511485222,3852.9512562968084,6.110233706409836
2026-03-16 21:00:00+00:00,HistGradientBoosting,590.7692432561856,659.8586416160916,1.0510851790214129
2026-03-17 21:00:00+00:00,Seasonal naive,2419.6124999999997,3102.17183043321,4.120912573126021
2026-03-17 21:00:00+00:00,SARIMAX,1667.201607181868,2185.782147808719,2.912957382533596
2026-03-17 21:00:00+00:00,HistGradientBoosting,1634.3200185491667,1978.9949009689947,2.7918997773372554
2026-03-18 21:00:00+00:00,Seasonal naive,1275.8075,1503.2785523204495,2.3668637520612488
2026-03-18 21:00:00+00:00,SARIMAX,1748.5318461985228,2125.2100444591606,3.1029891214889886
2026-03-18 21:00:00+00:00,HistGradientBoosting,1738.5079208923137,2113.6017105044566,3.005313345157742
2026-03-19 21:00:00+00:00,Seasonal naive,1261.5833333333328,1584.0674331264008,2.279456568673411
2026-03-19 21:00:00+00:00,SARIMAX,987.7323634703602,1263.344693190098,1.7272441723184349
2026-03-19 21:00:00+00:00,HistGradientBoosting,1119.3116182899694,1284.645585935677,1.9754062471968046
2026-03-20 21:00:00+00:00,Seasonal naive,6400.399166666667,7195.202339812388,12.128156673021325
2026-03-20 21:00:00+00:00,SARIMAX,2938.2149891577424,4123.203335507582,5.708572472732146
2026-03-20 21:00:00+00:00,HistGradientBoosting,432.9375897211573,573.0464777048066,0.8694239286976074
2026-03-21 21:00:00+00:00,Seasonal naive,4062.7437499999996,4542.860397447386,8.82941410551623
2026-03-21 21:00:00+00:00,SARIMAX,2007.0881446229978,2335.2069860980687,4.418977072949845
2026-03-21 21:00:00+00:00,HistGradientBoosting,1359.0714970444117,1801.2713403103653,3.00224447502862
2026-03-22 21:00:00+00:00,Seasonal naive,9741.95083333333,10975.648438445827,19.227149327985785
2026-03-22 21:00:00+00:00,SARIMAX,9280.282862222883,10656.02615356707,18.077975378128702
2026-03-22 21:00:00+00:00,HistGradientBoosting,2017.4655848628117,2286.714957058616,3.4633380570649686
2026-03-23 21:00:00+00:00,Seasonal naive,2327.4075000000003,2543.066086133364,4.204700711459785
2026-03-23 21:00:00+00:00,SARIMAX,1482.5334408303586,1797.0305260942293,2.690749283568025
2026-03-23 21:00:00+00:00,HistGradientBoosting,1899.340077694912,2467.6022977825014,3.226170286275013
2026-03-24 21:00:00+00:00,Seasonal naive,4325.552083333333,5113.353768682952,7.272880582499006
2026-03-24 21:00:00+00:00,SARIMAX,2501.7989857813295,3533.704234091655,4.009453674848729
2026-03-24 21:00:00+00:00,HistGradientBoosting,2600.1882334578254,3406.178448871485,4.06902306583254
2026-03-25 21:00:00+00:00,Seasonal naive,1381.5279166666662,1827.246970368491,2.3115404398500523
2026-03-25 21:00:00+00:00,SARIMAX,956.7707139336866,1275.7621420657867,1.5314910316879764
2026-03-25 21:00:00+00:00,HistGradientBoosting,1397.1280664245398,1607.4898548008293,2.324481875832401
2026-03-26 21:00:00+00:00,Seasonal naive,2800.754166666667,3399.2196390409476,4.5291438847118375
2026-03-26 21:00:00+00:00,SARIMAX,2180.478940017683,2553.848427714768,3.640264379070435
2026-03-26 21:00:00+00:00,HistGradientBoosting,1246.5230232164713,1682.670363900503,2.0744043303211335
2026-03-27 21:00:00+00:00,Seasonal naive,6154.029583333333,6844.488464155241,11.018193769257815
2026-03-27 21:00:00+00:00,SARIMAX,2420.286315297526,3474.2146285368162,4.440862647036113
2026-03-27 21:00:00+00:00,HistGradientBoosting,1022.2592553404866,1245.357508539874,1.9991747972734195
2026-03-28 21:00:00+00:00,Seasonal naive,4024.010416666666,4296.525849771437,8.161757807894089
2026-03-28 21:00:00+00:00,SARIMAX,1616.3854674685392,1900.3821995848982,3.3542701169518403
2026-03-28 21:00:00+00:00,HistGradientBoosting,1275.2031945383771,1631.5831759101627,2.6126032588418773
2026-03-29 21:00:00+00:00,Seasonal naive,10854.373333333333,12195.986269083229,19.970167400958506
2026-03-29 21:00:00+00:00,SARIMAX,10510.018116445342,11904.518753776169,19.15373544675978
2026-03-29 21:00:00+00:00,HistGradientBoosting,3224.3109886403486,3838.859046511646,5.399161581734916
2026-03-30 21:00:00+00:00,Seasonal naive,545.6545833333333,654.583929495803,0.9354045719172729
2026-03-30 21:00:00+00:00,SARIMAX,875.1708335406884,1108.3706500341523,1.6106911020373287
2026-03-30 21:00:00+00:00,HistGradientBoosting,1682.9690844227237,2149.1365991515554,2.7891242656430815
2026-03-31 21:00:00+00:00,Seasonal naive,1553.1866666666665,1994.472763982167,2.5761416365530057
2026-03-31 21:00:00+00:00,SARIMAX,919.8164171071388,1108.3947186320188,1.5920716092060647
2026-03-31 21:00:00+00:00,HistGradientBoosting,1039.2589880026208,1621.7358006119064,1.760455359802975
2026-04-01 21:00:00+00:00,Seasonal naive,1266.26625,1623.041524051629,2.2644477428596352
2026-04-01 21:00:00+00:00,SARIMAX,1256.78567982678,1419.8592842504715,2.2179863278219023
2026-04-01 21:00:00+00:00,HistGradientBoosting,1241.6277946302287,1620.2284685840393,2.263238281715114
2026-04-02 21:00:00+00:00,Seasonal naive,9477.365,10437.820093845026,17.959834850960522
2026-04-02 21:00:00+00:00,SARIMAX,5981.341713415208,7115.790920671526,11.669298193084126
2026-04-02 21:00:00+00:00,HistGradientBoosting,7250.916866851198,8538.837253446238,13.893867638093155
2026-04-03 21:00:00+00:00,Seasonal naive,2093.221249999999,2465.698264507608,4.445579339918246
2026-04-03 21:00:00+00:00,SARIMAX,3605.321398726917,4317.764354661045,7.667425293079039
2026-04-03 21:00:00+00:00,HistGradientBoosting,1537.0181136545482,1834.265525966631,3.2277435904266176
2026-04-04 21:00:00+00:00,Seasonal naive,4658.678333333333,5394.015793790992,10.282276586290598
2026-04-04 21:00:00+00:00,SARIMAX,2559.005539304259,3012.7053418807723,5.8121367588990935
2026-04-04 21:00:00+00:00,HistGradientBoosting,2550.985043067772,3429.8785313327203,5.526695908771409
2026-04-05 21:00:00+00:00,Seasonal naive,1171.469166666668,1297.2071929084177,2.7509106418084337
2026-04-05 21:00:00+00:00,SARIMAX,1107.711789240884,1241.6631587117688,2.525254595739603
2026-04-05 21:00:00+00:00,HistGradientBoosting,9053.709492255024,10692.314544594094,18.16597072373278
2026-04-06 21:00:00+00:00,Seasonal naive,9526.149166666668,10802.828405994731,19.099896329426958
2026-04-06 21:00:00+00:00,SARIMAX,9090.440120289857,10512.541276561858,18.019174855430492
2026-04-06 21:00:00+00:00,HistGradientBoosting,2104.199222022216,2735.6332920410605,3.827551459904503
2026-04-07 21:00:00+00:00,Seasonal naive,1123.257499999999,1365.351886493001,2.27357825102832
2026-04-07 21:00:00+00:00,SARIMAX,1796.3215570865932,1966.586316895289,3.3431294836249843
2026-04-07 21:00:00+00:00,HistGradientBoosting,4093.6814688491854,4970.014937630981,7.1688841735714135
2026-04-08 21:00:00+00:00,Seasonal naive,1078.365,1186.9036982172001,2.0518163710094033
2026-04-08 21:00:00+00:00,SARIMAX,1469.7006547357084,1723.281183019094,2.642356285389172
2026-04-08 21:00:00+00:00,HistGradientBoosting,1320.8444652780656,1567.5921578373886,2.4111712106196492
2026-04-09 21:00:00+00:00,Seasonal naive,2476.8004166666665,2950.2696880702,4.4443335098477155
2026-04-09 21:00:00+00:00,SARIMAX,2244.54120466364,2883.232941269988,3.9477770442532036
2026-04-09 21:00:00+00:00,HistGradientBoosting,2374.007953055953,3076.100458861216,4.155381661844238
2026-04-10 21:00:00+00:00,Seasonal naive,8776.322083333333,9915.857774919381,16.778271112724095
2026-04-10 21:00:00+00:00,SARIMAX,4616.411851591256,6016.152878064919,9.118786616761433
2026-04-10 21:00:00+00:00,HistGradientBoosting,3722.7873126696704,4815.520751895774,7.395613468919628
2026-04-11 21:00:00+00:00,Seasonal naive,2304.9537499999997,2635.810197536518,5.1113407447936865
2026-04-11 21:00:00+00:00,SARIMAX,2154.6975740886364,2639.8212101786785,4.784933325205597
2026-04-11 21:00:00+00:00,HistGradientBoosting,2229.452563331247,2841.4854559203172,4.895168178135893
2026-04-12 21:00:00+00:00,Seasonal naive,11572.6775,12840.358299338523,21.83324271132344
2026-04-12 21:00:00+00:00,SARIMAX,12364.573768824213,13722.422092396926,23.45936488003913
2026-04-12 21:00:00+00:00,HistGradientBoosting,4367.006058501457,4916.420346761445,7.59837368467446
2026-04-13 21:00:00+00:00,Seasonal naive,3167.3033333333333,3600.5886648343117,5.894414266362659
2026-04-13 21:00:00+00:00,SARIMAX,4108.461942349696,4768.343289603708,6.9344695618941445
2026-04-13 21:00:00+00:00,HistGradientBoosting,2458.567380849266,3609.173601305579,4.177851772351796
2026-04-14 21:00:00+00:00,Seasonal naive,2463.011250000001,2891.402965193397,4.441733733330349
2026-04-14 21:00:00+00:00,SARIMAX,1393.0163609569588,1698.1228224519296,2.598018330196196
2026-04-14 21:00:00+00:00,HistGradientBoosting,1317.5427309385984,1612.748726314205,2.3068562495867995
2026-04-15 21:00:00+00:00,Seasonal naive,659.8991666666661,803.0858224685577,1.2843036113073156
2026-04-15 21:00:00+00:00,SARIMAX,1635.4387657958166,1839.7876881988948,3.002308659680056
2026-04-15 21:00:00+00:00,HistGradientBoosting,1488.587152318506,1849.8191831254717,2.7081556386984116
2026-04-16 21:00:00+00:00,Seasonal naive,1454.4224999999994,1823.045261652417,2.65019241695861
2026-04-16 21:00:00+00:00,SARIMAX,743.5021911310029,997.5823620277774,1.3713280625981374
2026-04-16 21:00:00+00:00,HistGradientBoosting,1072.0991762668837,1738.6786402596283,2.0025962012531227
2026-04-17 21:00:00+00:00,Seasonal naive,6781.400833333333,7598.576418825656,13.449315337146698
2026-04-17 21:00:00+00:00,SARIMAX,4000.042564241499,4846.603907106878,8.117690205714942
2026-04-17 21:00:00+00:00,HistGradientBoosting,2115.1766715131207,2544.661546460179,4.431374777563765
2026-04-18 21:00:00+00:00,Seasonal naive,3725.8254166666666,4266.374117386351,8.541633426426772
2026-04-18 21:00:00+00:00,SARIMAX,4148.3982760194895,5450.824998322257,9.259150236127235
2026-04-18 21:00:00+00:00,HistGradientBoosting,2928.2691282070336,3321.412073061873,6.545140577355312
2026-04-19 21:00:00+00:00,Seasonal naive,11260.605833333333,12457.56596673985,22.42123881982539
2026-04-19 21:00:00+00:00,SARIMAX,6677.557481753079,8341.698961083132,12.303000588371797
2026-04-19 21:00:00+00:00,HistGradientBoosting,4135.269004129765,6019.808266899373,7.696882649558255
2026-04-20 21:00:00+00:00,Seasonal naive,1812.371666666667,1956.3145118436353,3.4020657607535925
2026-04-20 21:00:00+00:00,SARIMAX,1283.1682008190376,1557.4467279028443,2.2278183227640125
2026-04-20 21:00:00+00:00,HistGradientBoosting,1053.6672494987654,1195.5219984054704,1.9194845697149752
2026-04-21 21:00:00+00:00,Seasonal naive,1984.839166666666,2295.215230577515,3.6739820099921165
2026-04-21 21:00:00+00:00,SARIMAX,1751.461211117636,2200.650080058911,3.2523627775429325
2026-04-21 21:00:00+00:00,HistGradientBoosting,1570.555563351875,1886.541490405974,2.845201429395407
2026-04-22 21:00:00+00:00,Seasonal naive,1052.9520833333333,1281.8467951992156,2.0603492917122344
2026-04-22 21:00:00+00:00,SARIMAX,1049.5857528106483,1320.762259273049,1.9902955131830782
2026-04-22 21:00:00+00:00,HistGradientBoosting,1497.183048114107,1740.8341994298237,2.720910170881331
2026-04-23 21:00:00+00:00,Seasonal naive,1813.8516666666665,2222.6693326100035,3.302571995230371
2026-04-23 21:00:00+00:00,SARIMAX,2129.542875261349,2741.386208838361,3.935716222528695
2026-04-23 21:00:00+00:00,HistGradientBoosting,1030.5314880629176,1426.71238181567,1.874485100157936
2026-04-24 21:00:00+00:00,Seasonal naive,7312.8466666666645,8110.523538214101,14.396245885833906
2026-04-24 21:00:00+00:00,SARIMAX,4311.967392757277,5249.707072661851,8.707536434789455
2026-04-24 21:00:00+00:00,HistGradientBoosting,1701.8563021561788,2058.146154179605,3.686037551522512
2026-04-25 21:00:00+00:00,Seasonal naive,4728.649166666668,5157.049599046437,10.826329302654136
2026-04-25 21:00:00+00:00,SARIMAX,2104.1076691912754,2804.254751738764,4.997141617967574
2026-04-25 21:00:00+00:00,HistGradientBoosting,1649.4720709307328,2048.641611891691,3.7748399502431904
2026-04-26 21:00:00+00:00,Seasonal naive,9549.362916666667,10888.245359625787,20.08128944762441
2026-04-26 21:00:00+00:00,SARIMAX,11761.217059775556,12993.885184596256,25.452245282802608
2026-04-26 21:00:00+00:00,HistGradientBoosting,3458.0156312214663,3938.1301618516322,6.400004951558941
2026-04-27 21:00:00+00:00,Seasonal naive,1695.7704166666665,2088.243385398958,3.570182900870908
2026-04-27 21:00:00+00:00,SARIMAX,1861.264275797858,2059.8646073363225,3.5518788496496634
2026-04-27 21:00:00+00:00,HistGradientBoosting,1992.2038030918268,2225.5644517089527,3.740275729192835
2026-04-28 21:00:00+00:00,Seasonal naive,394.8875000000001,501.4022311727378,0.7676916278803089
2026-04-28 21:00:00+00:00,SARIMAX,744.7931740401194,906.2899956484409,1.3908616903864104
2026-04-28 21:00:00+00:00,HistGradientBoosting,1412.1862413549752,1627.6837451543772,2.6640556772386286
2026-04-29 21:00:00+00:00,Seasonal naive,934.9141666666668,1456.4864313877645,1.766282092663148
2026-04-29 21:00:00+00:00,SARIMAX,1032.0282931985475,1190.5607800600303,1.9413538765785667
2026-04-29 21:00:00+00:00,HistGradientBoosting,990.3983163237672,1364.0092152532027,1.8548606533259349
2026-04-30 21:00:00+00:00,Seasonal naive,10783.834583333335,11663.792854949494,22.83327812007256
2026-04-30 21:00:00+00:00,SARIMAX,7433.960384857855,8410.407962364485,16.28926474068471
2026-04-30 21:00:00+00:00,HistGradientBoosting,9041.980100991019,9974.432933658327,19.424551590283997
2026-05-01 21:00:00+00:00,Seasonal naive,2906.595833333334,3138.156277513917,7.0220106766067865
2026-05-01 21:00:00+00:00,SARIMAX,6858.511184126284,7428.617417814426,17.3086114897603
2026-05-01 21:00:00+00:00,HistGradientBoosting,1698.075706914873,1870.1114478161846,4.011263436568883
2026-05-02 21:00:00+00:00,Seasonal naive,1955.3904166666664,2608.534319599641,4.729544070806987
2026-05-02 21:00:00+00:00,SARIMAX,2833.6233361825402,3553.4762889369367,6.7977762861007625
2026-05-02 21:00:00+00:00,HistGradientBoosting,1715.6277768454563,1936.8724329791573,4.17165536893314
2026-05-03 21:00:00+00:00,Seasonal naive,11176.067083333333,12633.919634288579,23.24297674214206
2026-05-03 21:00:00+00:00,SARIMAX,9909.626108891016,11539.537118479853,20.097316861029082
2026-05-03 21:00:00+00:00,HistGradientBoosting,935.2649981911258,1157.3277450308203,1.805824723298797
2026-05-04 21:00:00+00:00,Seasonal naive,928.397083333332,1042.3614047980182,1.8200041819237274
2026-05-04 21:00:00+00:00,SARIMAX,1120.41243763488,1206.7625254345865,2.152511458413033
2026-05-04 21:00:00+00:00,HistGradientBoosting,1037.8548825583869,1421.5089458526634,1.9358395672471136
2026-05-05 21:00:00+00:00,Seasonal naive,1995.2945833333326,2427.9478939399614,3.536031233685611
2026-05-05 21:00:00+00:00,SARIMAX,2302.4970388204647,2822.3123672166157,4.023530301529374
2026-05-05 21:00:00+00:00,HistGradientBoosting,1902.8915668106629,2655.0354984436226,3.268421661720295
2026-05-06 21:00:00+00:00,Seasonal naive,1316.837916666667,1735.9086331023207,2.3325325597267836
2026-05-06 21:00:00+00:00,SARIMAX,771.5041984164876,967.6709997260524,1.3790482322057125
2026-05-06 21:00:00+00:00,HistGradientBoosting,847.6406811942888,1183.2503208790795,1.4978761105648235
2026-05-07 21:00:00+00:00,Seasonal naive,2177.489166666666,2494.2705261124606,3.979186997361078
2026-05-07 21:00:00+00:00,SARIMAX,946.1151606168338,1040.4849405837126,1.8030553813077315
2026-05-07 21:00:00+00:00,HistGradientBoosting,3600.415188526793,5024.336828514082,6.938100908112712
2026-05-08 21:00:00+00:00,Seasonal naive,8227.002916666666,8863.993700896293,16.772430891128824
2026-05-08 21:00:00+00:00,SARIMAX,5086.1391741786965,5751.465593038602,10.656868594482205
2026-05-08 21:00:00+00:00,HistGradientBoosting,1987.2056424565553,2473.7341466822195,4.359733150198885
2026-05-09 21:00:00+00:00,Seasonal naive,3010.2649999999994,3378.3323194415516,7.258266631641033
2026-05-09 21:00:00+00:00,SARIMAX,2039.086043574883,2790.847600662486,4.928941842006227
2026-05-09 21:00:00+00:00,HistGradientBoosting,762.7882355975416,951.7872101556655,1.8277551492710995
2026-05-10 21:00:00+00:00,Seasonal naive,12769.190416666666,14428.486867550857,25.692828428246717
2026-05-10 21:00:00+00:00,SARIMAX,12303.128088197947,14197.008814073055,24.442526316453154
2026-05-10 21:00:00+00:00,HistGradientBoosting,2924.718955764924,3355.8420341729047,5.365919630492087
2026-05-11 21:00:00+00:00,Seasonal naive,3620.670833333334,4101.702295353521,7.216539803263292
2026-05-11 21:00:00+00:00,SARIMAX,3780.8937269442345,4682.335330685275,6.463588627984914
2026-05-11 21:00:00+00:00,HistGradientBoosting,1661.1155061405273,1822.206339908107,2.9898182108407876
2026-05-12 21:00:00+00:00,Seasonal naive,1647.228750000001,1842.1081053114583,3.0783862686359993
2026-05-12 21:00:00+00:00,SARIMAX,994.4274018714808,1356.7464752641154,1.8315827767483162
2026-05-12 21:00:00+00:00,HistGradientBoosting,1315.0351571714834,1734.7925109385235,2.469129243467606
2026-05-13 21:00:00+00:00,Seasonal naive,8967.662083333335,9900.493178434977,18.11693955267548
2026-05-13 21:00:00+00:00,SARIMAX,5450.647045072895,6545.480090945562,11.351161705399468
2026-05-13 21:00:00+00:00,HistGradientBoosting,1955.7897468404487,2469.8380358197255,4.470720073947926
2026-05-14 21:00:00+00:00,Seasonal naive,3304.7054166666676,3677.3305944433623,7.270773050375603
2026-05-14 21:00:00+00:00,SARIMAX,5564.432455080648,6333.722346051159,12.388222481225332
2026-05-14 21:00:00+00:00,HistGradientBoosting,1804.5872070383282,1944.2116114328974,3.7847020935997535
2026-05-15 21:00:00+00:00,Seasonal naive,2645.8283333333334,3114.326133775438,5.721395788066606
2026-05-15 21:00:00+00:00,SARIMAX,1936.9018063699698,2478.8947886148503,4.273112627189952
2026-05-15 21:00:00+00:00,HistGradientBoosting,416.3900348003144,578.602382581289,0.9273311151797099
2026-05-16 21:00:00+00:00,Seasonal naive,2036.327083333333,2376.1054153181344,4.709108932913785
2026-05-16 21:00:00+00:00,SARIMAX,1618.5770399520168,1876.594605547677,3.8011159770833243
2026-05-16 21:00:00+00:00,HistGradientBoosting,820.325990981352,962.3077928982275,1.960906762384126
2026-05-17 21:00:00+00:00,Seasonal naive,8983.69375,10382.690281933796,18.584899675081374
2026-05-17 21:00:00+00:00,SARIMAX,8230.82567487682,9762.438207993713,16.687756335291855
2026-05-17 21:00:00+00:00,HistGradientBoosting,1477.7519694828763,1690.9055602458634,2.8481177467605776
2026-05-18 21:00:00+00:00,Seasonal naive,1337.6754166666663,1526.1360693089698,2.7915793544574297
2026-05-18 21:00:00+00:00,SARIMAX,787.5807504612576,911.1928066395641,1.4797412546346747
2026-05-18 21:00:00+00:00,HistGradientBoosting,1460.5013304081367,1654.3550685998464,2.7471930444172017
2026-05-19 21:00:00+00:00,Seasonal naive,2153.414166666666,2556.46600899888,3.910613625389963
2026-05-19 21:00:00+00:00,SARIMAX,2780.4636033897423,3351.510310395357,4.980123524747754
2026-05-19 21:00:00+00:00,HistGradientBoosting,2174.669741545443,2578.763948339562,3.9104051037545484
2026-05-20 21:00:00+00:00,Seasonal naive,1464.8570833333333,1883.4509400355591,2.6805218254707146
2026-05-20 21:00:00+00:00,SARIMAX,1037.2725722859286,1401.1024265535063,1.8895016947771814
2026-05-20 21:00:00+00:00,HistGradientBoosting,1802.2388152951737,2776.1102880684753,3.466792453881675
2026-05-21 21:00:00+00:00,Seasonal naive,2489.2429166666666,2613.766157389084,4.825326588419787
2026-05-21 21:00:00+00:00,SARIMAX,939.4209677318962,1040.4980741709053,1.9364071409439318
2026-05-21 21:00:00+00:00,HistGradientBoosting,1192.7165318309571,1339.6220159948025,2.4033598223514008
2026-05-22 21:00:00+00:00,Seasonal naive,7654.216666666667,8292.5692524603,16.030779658072813
2026-05-22 21:00:00+00:00,SARIMAX,4752.291680517566,5404.962037080164,10.219093983981756
2026-05-22 21:00:00+00:00,HistGradientBoosting,2919.9942832829206,3348.405454578532,6.42173448173195
2026-05-23 21:00:00+00:00,Seasonal naive,3568.7149999999997,4025.062208091738,8.88232091273055
2026-05-23 21:00:00+00:00,SARIMAX,1522.7893868646522,2312.8561095517152,3.812388431115027
2026-05-23 21:00:00+00:00,HistGradientBoosting,1584.4012597926476,1743.4573390234955,3.9737451853024375
2026-05-24 21:00:00+00:00,Seasonal naive,1134.2508333333328,1359.8406452749034,2.7554363950297334
2026-05-24 21:00:00+00:00,SARIMAX,1638.6905473786967,2036.3561747053636,3.95459653748513
2026-05-24 21:00:00+00:00,HistGradientBoosting,6036.127174293627,6771.942392899696,13.668585143030759
2026-05-25 21:00:00+00:00,Seasonal naive,10453.86125,11421.171178463375,22.441184776499494
2026-05-25 21:00:00+00:00,SARIMAX,8642.228353954983,9915.266028253574,17.894223988476273
2026-05-25 21:00:00+00:00,HistGradientBoosting,901.810603435405,1256.7295278931288,1.7693937525985894
2026-05-26 21:00:00+00:00,Seasonal naive,2109.2258333333334,2810.740121971139,4.496105840421268
2026-05-26 21:00:00+00:00,SARIMAX,1141.955804901879,1502.4889094157545,2.108900035910932
2026-05-26 21:00:00+00:00,HistGradientBoosting,1031.5361472378045,1272.131407694041,1.9093559287720379
2026-05-27 21:00:00+00:00,Seasonal naive,2157.629583333334,2246.1114900858847,4.163351228082459
2026-05-27 21:00:00+00:00,SARIMAX,1214.8002034536128,1469.9125745537733,2.4936125378294274
2026-05-27 21:00:00+00:00,HistGradientBoosting,3377.584451759007,3710.480887229963,6.2461953136623665
2026-05-28 21:00:00+00:00,Seasonal naive,570.0958333333328,683.6055625992707,1.1212389213023195
2026-05-28 21:00:00+00:00,SARIMAX,2017.454972370959,2310.8011920586337,3.9070958927120807
2026-05-28 21:00:00+00:00,HistGradientBoosting,950.4521801413372,1368.0128045074537,1.9107178549511399
2026-05-29 21:00:00+00:00,Seasonal naive,6041.938333333333,6777.071127370092,12.315345872433303
2026-05-29 21:00:00+00:00,SARIMAX,5455.177191514861,6018.483041163419,11.28640791115427
2026-05-29 21:00:00+00:00,HistGradientBoosting,2868.151860328156,3364.7906962389084,6.023285421561713
2026-05-30 21:00:00+00:00,Seasonal naive,3607.819166666666,4103.469085613212,8.660416323624133
2026-05-30 21:00:00+00:00,SARIMAX,2339.892965642166,2943.0307854713174,5.660445454462638
2026-05-30 21:00:00+00:00,HistGradientBoosting,949.2471893399373,1085.358169435132,2.2899538624356266
2026-05-31 21:00:00+00:00,Seasonal naive,8986.014166666666,10167.975021797194,19.007103626226215
2026-05-31 21:00:00+00:00,SARIMAX,9379.107442153108,10646.474574044032,19.82884925833922
2026-05-31 21:00:00+00:00,HistGradientBoosting,2979.5633928933007,3455.1087607543323,5.909635847416591
2026-06-01 21:00:00+00:00,Seasonal naive,3054.3574999999996,3416.627142433992,6.357514002091691
2026-06-01 21:00:00+00:00,SARIMAX,1001.320822642544,1182.566456486866,1.82039652442393
2026-06-01 21:00:00+00:00,HistGradientBoosting,1118.858332083998,1379.834184032096,2.063437389975997
2026-06-02 21:00:00+00:00,Seasonal naive,2326.792499999999,2618.746906636199,4.352972633438449
2026-06-02 21:00:00+00:00,SARIMAX,2353.085809569578,2807.8926587534993,4.429168808422346
2026-06-02 21:00:00+00:00,HistGradientBoosting,1803.5956366689122,2228.969602643407,3.393290321620151
2026-06-03 21:00:00+00:00,Seasonal naive,4885.638333333333,5940.271903452736,9.458233833768954
2026-06-03 21:00:00+00:00,SARIMAX,2249.4001362822596,3449.6380547277763,4.488779097638525
2026-06-03 21:00:00+00:00,HistGradientBoosting,3907.03332950794,4900.048286855865,7.605364520309453
2026-06-04 21:00:00+00:00,Seasonal naive,1845.4937500000003,2372.858468994552,3.971162640519621
2026-06-04 21:00:00+00:00,SARIMAX,3194.450615195297,3888.500306475477,6.662597040504597
2026-06-04 21:00:00+00:00,HistGradientBoosting,2515.9957169080762,2964.270644752974,4.972863656936427
2026-06-05 21:00:00+00:00,Seasonal naive,4892.447083333333,5641.012656970008,10.452917486566749
2026-06-05 21:00:00+00:00,SARIMAX,3047.22219671052,3816.5315714062835,6.637641317684891
2026-06-05 21:00:00+00:00,HistGradientBoosting,1953.5452441913185,2286.1105354565475,4.342008320112498
2026-06-06 21:00:00+00:00,Seasonal naive,2496.718333333333,2688.212575304453,6.080106190568178
2026-06-06 21:00:00+00:00,SARIMAX,1560.2227610413981,2260.312617938564,3.7341653724083272
2026-06-06 21:00:00+00:00,HistGradientBoosting,678.351886136716,898.0155159365064,1.622808582001005
2026-06-07 21:00:00+00:00,Seasonal naive,10077.222916666666,11138.208360467099,21.473602172213372
2026-06-07 21:00:00+00:00,SARIMAX,8218.876075753682,9588.889539366579,16.898125785794562
2026-06-07 21:00:00+00:00,HistGradientBoosting,843.6015229497216,1074.520388925409,1.6087579004101311
2026-06-08 21:00:00+00:00,Seasonal naive,3235.721249999999,3698.815749582898,6.44698745895916
2026-06-08 21:00:00+00:00,SARIMAX,1024.7126777125131,1423.2925469457775,1.8624083918995475
2026-06-08 21:00:00+00:00,HistGradientBoosting,1423.543411460603,1764.4231147881508,2.6101441281341295
2026-06-09 21:00:00+00:00,Seasonal naive,874.9424999999995,1107.6540138960354,1.6582865026649845
2026-06-09 21:00:00+00:00,SARIMAX,1760.0155482934542,2082.40723626324,3.2415027139985284
2026-06-09 21:00:00+00:00,HistGradientBoosting,816.3126996803916,953.1627301481105,1.4986007691727294
2026-06-10 21:00:00+00:00,Seasonal naive,1261.5708333333343,1525.2661493380979,2.415496927259482
2026-06-10 21:00:00+00:00,SARIMAX,1090.3021681069483,1226.949853245777,2.1588266672517786
2026-06-10 21:00:00+00:00,HistGradientBoosting,1658.1819719611678,2085.62169877841,3.093823876724928
2026-06-11 21:00:00+00:00,Seasonal naive,2066.3204166666656,2561.028614320978,3.6947190566515444
2026-06-11 21:00:00+00:00,SARIMAX,2690.556858179742,3620.4183140138384,4.7547139641768394
2026-06-11 21:00:00+00:00,HistGradientBoosting,3633.3286821302077,4550.617806875225,6.55891154359341
2026-06-12 21:00:00+00:00,Seasonal naive,9097.883749999999,10416.685592937538,17.819824509366494
2026-06-12 21:00:00+00:00,SARIMAX,6412.714655674623,7713.164554979509,12.87814206247352
2026-06-12 21:00:00+00:00,HistGradientBoosting,1022.6171129825543,1200.228535366583,2.2550446403660476
2026-06-13 21:00:00+00:00,Seasonal naive,2259.4891666666667,2596.050827659518,5.28111386627987
2026-06-13 21:00:00+00:00,SARIMAX,1721.2505502128204,2176.6254852810316,4.012631474123192
2026-06-13 21:00:00+00:00,HistGradientBoosting,894.3983379894411,1058.5313551899335,2.1133769182822637
2026-06-14 21:00:00+00:00,Seasonal naive,9986.357916666666,11301.774790954478,20.297503345867195
2026-06-14 21:00:00+00:00,SARIMAX,9397.701614372103,10827.48930405735,18.828136625743927
2026-06-14 21:00:00+00:00,HistGradientBoosting,1079.9649727434687,1199.0082305586595,2.0493460169476276
2026-06-15 21:00:00+00:00,Seasonal naive,1491.5662499999999,2077.536888369855,3.2208133491466064
2026-06-15 21:00:00+00:00,SARIMAX,2173.5640592137197,2393.7074058366716,3.998945828214435
2026-06-15 21:00:00+00:00,HistGradientBoosting,1415.6883817304715,1739.2136371050149,2.6214711190826434
2026-06-16 21:00:00+00:00,Seasonal naive,1374.231250000001,1680.7764691938773,2.767704016463751
2026-06-16 21:00:00+00:00,SARIMAX,2227.823938319177,2566.229710752554,4.2791165129979625
2026-06-16 21:00:00+00:00,HistGradientBoosting,910.0603799740496,1147.799933868051,1.7900059901807783
2026-06-17 21:00:00+00:00,Seasonal naive,669.9750000000007,768.8140986773075,1.3719259243062123
2026-06-17 21:00:00+00:00,SARIMAX,1237.5982357534801,1388.0558391516167,2.3020722804103446
2026-06-17 21:00:00+00:00,HistGradientBoosting,801.5786574562771,940.6971002772123,1.521285202567549
2026-06-18 21:00:00+00:00,Seasonal naive,1063.7979166666655,1416.4089194464636,2.004181174842476
2026-06-18 21:00:00+00:00,SARIMAX,1192.259076799667,1429.6978732406174,2.320187646466042
2026-06-18 21:00:00+00:00,HistGradientBoosting,686.2451359984589,769.0643050960377,1.3619704498356417
2026-06-19 21:00:00+00:00,Seasonal naive,7110.122083333333,8107.749853729712,14.189622555080051
2026-06-19 21:00:00+00:00,SARIMAX,4499.383279291764,5195.892386091665,9.337995704386515
2026-06-19 21:00:00+00:00,HistGradientBoosting,1375.9933059569992,1611.7369943103654,3.0364873221925817
2026-06-20 21:00:00+00:00,Seasonal naive,3101.529166666666,3575.6214589005363,7.2810557980213515
2026-06-20 21:00:00+00:00,SARIMAX,2507.6866881502283,3112.4877216823415,5.877299862718266
2026-06-20 21:00:00+00:00,HistGradientBoosting,1624.7479363944803,1894.0534690803054,3.8063175076485884
2026-06-21 21:00:00+00:00,Seasonal naive,10232.346666666668,11398.814809506148,20.965566394585455
2026-06-21 21:00:00+00:00,SARIMAX,8561.193849419771,9902.595249057724,16.98050790064728
2026-06-21 21:00:00+00:00,HistGradientBoosting,2865.022925423708,3360.958846488057,5.119724290355905
2026-06-22 21:00:00+00:00,Seasonal naive,1016.7854166666679,1489.1763592181321,2.173102008124089
2026-06-22 21:00:00+00:00,SARIMAX,947.3454316883654,1048.4187083039592,1.7995567185211299
2026-06-22 21:00:00+00:00,HistGradientBoosting,679.5643416896668,790.0125154622071,1.2896960101447628
2026-06-23 21:00:00+00:00,Seasonal naive,872.9070833333329,1153.4862306702375,1.6092215742595553
2026-06-23 21:00:00+00:00,SARIMAX,1757.8519156694801,2108.310449397004,3.1681578087279694
2026-06-23 21:00:00+00:00,HistGradientBoosting,1293.4764570360812,1761.560169179291,2.3783439619060864
2026-06-24 21:00:00+00:00,Seasonal naive,1277.069583333334,1403.083886956693,2.3205539065644523
2026-06-24 21:00:00+00:00,SARIMAX,1356.98990267672,1527.3862850736284,2.3988875498802593
2026-06-24 21:00:00+00:00,HistGradientBoosting,1886.5650541181164,2103.147434618676,3.393611609276494
2026-06-25 21:00:00+00:00,Seasonal naive,1230.3024999999996,1570.909686986068,2.1829393922753924
2026-06-25 21:00:00+00:00,SARIMAX,840.2208369397889,1041.0722103509963,1.4973952702548676
2026-06-25 21:00:00+00:00,HistGradientBoosting,1001.8405361779978,1236.9153894043106,1.894858186159139
2026-06-26 21:00:00+00:00,Seasonal naive,7301.396666666665,8187.378707037944,13.867068632124026
2026-06-26 21:00:00+00:00,SARIMAX,5786.872744661648,6544.974803643997,11.205109324737307
2026-06-26 21:00:00+00:00,HistGradientBoosting,3296.181985854553,3674.5011203296576,6.596894048714219
2026-06-27 21:00:00+00:00,Seasonal naive,2530.9062500000005,2909.921541673562,5.555553634956806
2026-06-27 21:00:00+00:00,SARIMAX,2412.5278314288043,3184.58553339954,5.275183151982435
2026-06-27 21:00:00+00:00,HistGradientBoosting,1559.6091088712026,1943.9978831705926,3.399882232226853
2026-06-28 21:00:00+00:00,Seasonal naive,9087.863333333335,10658.461277636812,17.524558826985587
2026-06-28 21:00:00+00:00,SARIMAX,9319.742664777232,10946.868167295674,17.92241791261431
2026-06-28 21:00:00+00:00,HistGradientBoosting,1294.5072870470678,1671.5204580717202,2.28532861886586
2026-06-29 21:00:00+00:00,Seasonal naive,1298.4558333333334,1620.6562187146083,2.447749678420246
2026-06-29 21:00:00+00:00,SARIMAX,1669.9931515310607,1957.0890294869018,3.031631856328019
2026-06-29 21:00:00+00:00,HistGradientBoosting,1119.1798933480052,1363.0125334826482,2.011671928756949
2026-06-30 21:00:00+00:00,Seasonal naive,1261.553333333333,1482.8533329839688,2.3453388143084513
2026-06-30 21:00:00+00:00,SARIMAX,2587.8083837093423,2821.9363458601483,4.710870908081465
2026-06-30 21:00:00+00:00,HistGradientBoosting,1024.9160420581081,1235.927588078809,1.8643040007042337
2026-07-01 21:00:00+00:00,Seasonal naive,1427.5533333333335,1709.1040420495178,2.602592063149094
2026-07-01 21:00:00+00:00,SARIMAX,1140.2916544647435,1397.0449488613892,2.149436411766217
2026-07-01 21:00:00+00:00,HistGradientBoosting,1506.9914594968002,1876.1045066658319,2.647029050106529
2026-07-02 21:00:00+00:00,Seasonal naive,3466.81125,3642.3804831999414,6.63210689429745
2026-07-02 21:00:00+00:00,SARIMAX,892.6661537392489,1171.5714674783017,1.7309454617875772
2026-07-02 21:00:00+00:00,HistGradientBoosting,2226.9533954250605,2481.3659435818336,4.223509576375089
2026-07-03 21:00:00+00:00,Seasonal naive,5797.753750000001,6583.599590521321,11.704437198960413
2026-07-03 21:00:00+00:00,SARIMAX,3411.630831297952,4157.036736267186,7.03250492991591
2026-07-03 21:00:00+00:00,HistGradientBoosting,2390.0400616682205,2741.9908166763303,5.062091794680541
2026-07-04 21:00:00+00:00,Seasonal naive,3484.133333333333,3759.726457983125,8.168595550895047
2026-07-04 21:00:00+00:00,SARIMAX,1803.413962134264,2444.4195138868986,4.359362410697092
2026-07-04 21:00:00+00:00,HistGradientBoosting,1247.4572613067833,1635.5860149746752,2.895229232922347
2026-07-05 21:00:00+00:00,Seasonal naive,11308.746666666668,12450.002796215214,23.085086407036773
2026-07-05 21:00:00+00:00,SARIMAX,9692.369893561421,11127.874331744408,19.20669215218331
2026-07-05 21:00:00+00:00,HistGradientBoosting,1081.684196588122,1464.1552261980314,1.9672959080223145
2026-07-06 21:00:00+00:00,Seasonal naive,1166.5025000000007,1393.4008782202638,2.213907578029335
2026-07-06 21:00:00+00:00,SARIMAX,1454.9186347431444,1612.9409838828044,2.7730077044340065
2026-07-06 21:00:00+00:00,HistGradientBoosting,1437.9812353988011,1811.4848904173161,2.5737847614662654
2026-07-07 21:00:00+00:00,Seasonal naive,1216.0020833333338,1451.239547540597,2.256039437014481
2026-07-07 21:00:00+00:00,SARIMAX,1600.4983830581762,1960.4452125030548,3.0427408517833014
2026-07-07 21:00:00+00:00,HistGradientBoosting,729.3931016547918,893.8299104182199,1.4053923026462825
2026-07-08 21:00:00+00:00,Seasonal naive,1240.4766666666674,1450.715210861526,2.339868987170432
2026-07-08 21:00:00+00:00,SARIMAX,1221.3736218063252,1464.741129872217,2.301972987284755
2026-07-08 21:00:00+00:00,HistGradientBoosting,1279.0739593925784,1654.3837795905654,2.282763198224018
2026-07-09 21:00:00+00:00,Seasonal naive,1838.3179166666666,2421.274009966138,3.3244286935580547
2026-07-09 21:00:00+00:00,SARIMAX,997.1803039660712,1220.3397814454797,1.8340639746274252
2026-07-09 21:00:00+00:00,HistGradientBoosting,1718.158846841777,1989.947142149256,3.243854071052333
2026-07-10 21:00:00+00:00,Seasonal naive,7213.202083333334,7926.142949641133,14.516963721285002
2026-07-10 21:00:00+00:00,SARIMAX,5186.723902578526,5844.452803130713,10.66165106141731
2026-07-10 21:00:00+00:00,HistGradientBoosting,2426.331514674536,2969.0760187156097,5.119441902957473
2026-07-11 21:00:00+00:00,Seasonal naive,3694.264999999998,3962.7986166281516,8.598516394628785
2026-07-11 21:00:00+00:00,SARIMAX,2488.362976911681,3609.9003617029825,5.737714117564601
2026-07-11 21:00:00+00:00,HistGradientBoosting,1276.1601371534114,1760.8303328465013,2.8671728611012512
2026-07-12 21:00:00+00:00,Seasonal naive,11592.787083333335,12646.523092503363,23.679946868695037
2026-07-12 21:00:00+00:00,SARIMAX,8729.110885202408,10171.508263976428,17.028073781946855
2026-07-12 21:00:00+00:00,HistGradientBoosting,2295.420187378095,2685.3422574837796,4.070369793187275
2026-07-13 21:00:00+00:00,Seasonal naive,1763.1554166666667,2140.8451405276455,3.4455591948810995
2026-07-13 21:00:00+00:00,SARIMAX,1085.6619861816016,1340.5854860490103,1.9279269176855844
2026-07-13 21:00:00+00:00,HistGradientBoosting,1265.5565610234005,1540.356715085124,2.287452059464816
2026-07-14 21:00:00+00:00,Seasonal naive,725.8641666666659,820.8018019798272,1.2928350969241607
2026-07-14 21:00:00+00:00,SARIMAX,1279.8403361466926,1556.2335587465031,2.3001598728680803
2026-07-14 21:00:00+00:00,HistGradientBoosting,1168.743494807219,1465.04064117152,2.074248523297433
2026-07-15 21:00:00+00:00,Seasonal naive,1034.6449999999998,1122.1189057426132,1.900319744561073
2026-07-15 21:00:00+00:00,SARIMAX,1361.9153125473367,1603.2872515184945,2.382505177380377
2026-07-15 21:00:00+00:00,HistGradientBoosting,1024.3950669522358,1208.3432780789017,1.8407225340696172
2026-07-16 21:00:00+00:00,Seasonal naive,1487.0412499999993,1683.1069150594183,2.7142848110855162
2026-07-16 21:00:00+00:00,SARIMAX,1490.307516287937,2061.414886263555,2.6087312661332693
2026-07-16 21:00:00+00:00,HistGradientBoosting,1028.0964214841952,1168.2280779435325,1.8975079780083555
2026-07-17 21:00:00+00:00,Seasonal naive,9083.945000000002,9680.060505445805,17.746389670638383
2026-07-17 21:00:00+00:00,SARIMAX,6455.367502210179,6987.6072601757,12.950567245899101
2026-07-17 21:00:00+00:00,HistGradientBoosting,750.3990120843777,880.0400800429989,1.6463272425461841
2026-07-18 21:00:00+00:00,Seasonal naive,3726.8295833333327,4028.4516537421036,8.563500691761254
2026-07-18 21:00:00+00:00,SARIMAX,2093.0819192852896,2667.9092606554873,5.0406027377730505
2026-07-18 21:00:00+00:00,HistGradientBoosting,1197.5375055649004,1613.9638255497562,2.7014868189944488
2026-07-19 21:00:00+00:00,Seasonal naive,9147.427916666666,10331.293024869678,18.8503669471891
2026-07-19 21:00:00+00:00,SARIMAX,9919.262021650473,11172.960656476955,20.607338886563927
2026-07-19 21:00:00+00:00,HistGradientBoosting,1460.6339088365676,1662.671935535908,2.777085483793206
2026-07-20 21:00:00+00:00,Seasonal naive,2299.2333333333336,2720.7098246995524,4.731586468530156
2026-07-20 21:00:00+00:00,SARIMAX,3196.8397401737298,3643.946441827547,5.908263390040143
2026-07-20 21:00:00+00:00,HistGradientBoosting,1888.8228500208613,2304.8968477972953,3.4561770062562984
2026-07-21 21:00:00+00:00,Seasonal naive,1758.794583333333,2430.943246104106,3.1951324920346864
2026-07-21 21:00:00+00:00,SARIMAX,3433.5147307961583,4062.7709706234277,6.408608783312398
2026-07-21 21:00:00+00:00,HistGradientBoosting,855.8971582255084,1052.0481512421147,1.6045057931184497
2026-07-22 21:00:00+00:00,Seasonal naive,1093.370416666666,1389.7558125965263,2.056109268307875
2026-07-22 21:00:00+00:00,SARIMAX,1227.105621163133,1378.6843440995676,2.3796433755587882
2026-07-22 21:00:00+00:00,HistGradientBoosting,1575.0591895087098,2076.5019618004426,2.9488830499527445
2026-07-23 21:00:00+00:00,Seasonal naive,1562.890416666667,1755.5198799180544,2.977740338135609
2026-07-23 21:00:00+00:00,SARIMAX,946.7271077354335,1131.5935064571554,1.8052884652311567
2026-07-23 21:00:00+00:00,HistGradientBoosting,1088.7513588226857,1471.4277862497433,2.052150187812386
2026-07-24 21:00:00+00:00,Seasonal naive,7101.687916666667,7828.661159332259,14.383580546958031
2026-07-24 21:00:00+00:00,SARIMAX,4190.285747074173,5006.448551301283,8.697752121161365
2026-07-24 21:00:00+00:00,HistGradientBoosting,1323.2663279802027,1527.6974210272072,2.891445322801451
2026-07-25 21:00:00+00:00,Seasonal naive,2102.146666666667,2675.284889894906,4.961609822153112
2026-07-25 21:00:00+00:00,SARIMAX,2372.4748993217586,3043.6943493950025,5.49647966611142
2026-07-25 21:00:00+00:00,HistGradientBoosting,1786.1634188557039,2108.089220882419,4.231896591376622
2026-07-26 21:00:00+00:00,Seasonal naive,8107.004583333335,9404.890948972376,16.47404285786374
2026-07-26 21:00:00+00:00,SARIMAX,8757.87448306002,10083.097041219145,17.89888226015398
2026-07-26 21:00:00+00:00,HistGradientBoosting,821.682208161316,1032.233107648351,1.564113736166951
2026-07-27 21:00:00+00:00,Seasonal naive,2784.872083333333,3170.3970909329055,5.77543263312399
2026-07-27 21:00:00+00:00,SARIMAX,1638.840145311439,2331.377801876115,2.916911940822566
2026-07-27 21:00:00+00:00,HistGradientBoosting,1452.0963971074182,1686.1170354625638,2.7340122029526888
2026-07-28 21:00:00+00:00,Seasonal naive,1127.021249999999,1339.8898104772766,2.19474451824865
2026-07-28 21:00:00+00:00,SARIMAX,1048.1016572251667,1338.5428257487513,1.9312846633420329
2026-07-28 21:00:00+00:00,HistGradientBoosting,1309.5518089842146,1488.9244331930327,2.4460710295741674
2026-07-29 21:00:00+00:00,Seasonal naive,1636.5983333333343,2003.7064536191424,2.896655797927842
2026-07-29 21:00:00+00:00,SARIMAX,2040.4327592921054,2242.1787688349727,3.7333416681325957
2026-07-29 21:00:00+00:00,HistGradientBoosting,1676.6186110157314,2062.0565145935675,3.0239707078209883
2026-07-30 21:00:00+00:00,Seasonal naive,2442.2225000000003,3009.867837365676,4.380822304424075
2026-07-30 21:00:00+00:00,SARIMAX,1147.3657434514382,1362.9996293432148,2.168936762587123
2026-07-30 21:00:00+00:00,HistGradientBoosting,1231.9621391886924,1485.1764882799118,2.2796624941466903
2026-07-31 21:00:00+00:00,Seasonal naive,7651.116250000002,8328.506810864268,15.366921481612891
2026-07-31 21:00:00+00:00,SARIMAX,4545.362965295272,5278.947713434103,9.409270618378171
2026-07-31 21:00:00+00:00,HistGradientBoosting,1303.9317715682862,1537.2976199244913,2.880765104756494
2026-08-01 21:00:00+00:00,Seasonal naive,4005.435833333333,4520.14642282102,9.37344402573331
2026-08-01 21:00:00+00:00,SARIMAX,1780.3015481764758,2290.9455473067715,4.291630682977202
2026-08-01 21:00:00+00:00,HistGradientBoosting,1512.6843321180488,1745.9389582871784,3.50852631003873
2026-08-02 21:00:00+00:00,Seasonal naive,9642.218333333332,11033.423738430727,20.130970448964224
2026-08-02 21:00:00+00:00,SARIMAX,10237.206700233417,11694.01658599172,21.482992213816356
2026-08-02 21:00:00+00:00,HistGradientBoosting,1227.3887784118199,1542.71579693565,2.318144174419126
2026-08-03 21:00:00+00:00,Seasonal naive,2577.937083333332,3159.6303147223557,5.3386235936018025
2026-08-03 21:00:00+00:00,SARIMAX,1549.398218915162,1925.7160482034483,2.8610870034554625
2026-08-03 21:00:00+00:00,HistGradientBoosting,1007.6722763157668,1182.6762072799288,1.9086859168917567
2026-08-04 21:00:00+00:00,Seasonal naive,1320.3520833333332,1556.9399585953317,2.50472017577011
2026-08-04 21:00:00+00:00,SARIMAX,1976.6896163457102,2538.616983565721,3.672608391956153
2026-08-04 21:00:00+00:00,HistGradientBoosting,1780.4579745260874,2114.976704043949,3.3282660475937846
2026-08-05 21:00:00+00:00,Seasonal naive,1335.3783333333342,1763.0550333275676,2.579599598288006
2026-08-05 21:00:00+00:00,SARIMAX,1097.7137472069153,1447.0978456461537,2.0558414455640235
2026-08-05 21:00:00+00:00,HistGradientBoosting,1945.6208116918385,2746.306097434904,3.729259156379785
2026-08-06 21:00:00+00:00,Seasonal naive,2528.2579166666665,2848.0207444710613,4.992431793551206
2026-08-06 21:00:00+00:00,SARIMAX,1580.7704631343051,1982.7565868847357,3.2644081851700353
2026-08-06 21:00:00+00:00,HistGradientBoosting,1284.4128931871262,1684.1644082614694,2.6153236798987423
2026-08-07 21:00:00+00:00,Seasonal naive,6227.827499999999,7145.282857762409,13.09793328999845
2026-08-07 21:00:00+00:00,SARIMAX,3906.7400952404582,4800.53458039704,8.3880305167861
2026-08-07 21:00:00+00:00,HistGradientBoosting,1263.8571195876673,1503.2028018210715,2.870964928981452
2026-08-08 21:00:00+00:00,Seasonal naive,2378.81125,2644.2525694426713,5.850993319679854
2026-08-08 21:00:00+00:00,SARIMAX,1503.6674331126862,1938.1229427209325,3.7072146845069303
2026-08-08 21:00:00+00:00,HistGradientBoosting,1220.6472361093383,1587.1839035012408,2.925962144704727
2026-08-09 21:00:00+00:00,Seasonal naive,9614.481666666667,10894.413225624332,20.44388499504547
2026-08-09 21:00:00+00:00,SARIMAX,8964.0758696625,10469.551968822823,18.725349623856953
2026-08-09 21:00:00+00:00,HistGradientBoosting,1257.5483129422184,1614.835445369678,2.4112990265735363
2026-08-10 21:00:00+00:00,Seasonal naive,2367.3504166666676,2742.654438510104,4.904194514299042
2026-08-10 21:00:00+00:00,SARIMAX,2681.479185839297,3183.0467775382117,5.102805214397613
2026-08-10 21:00:00+00:00,HistGradientBoosting,2244.019451585859,2497.9497250569093,4.289309869956383
2026-08-11 21:00:00+00:00,Seasonal naive,954.0937499999994,1097.2949588210845,2.0288530838310255
2026-08-11 21:00:00+00:00,SARIMAX,2379.405258155858,2725.9355607116663,4.738024285615378
2026-08-11 21:00:00+00:00,HistGradientBoosting,776.4282253032952,902.2323729014028,1.5132601192675965
2026-08-12 21:00:00+00:00,Seasonal naive,879.222916666666,1069.9138012261385,1.8617850716816173
2026-08-12 21:00:00+00:00,SARIMAX,735.8230589534384,973.3565637016417,1.431191006973161
2026-08-12 21:00:00+00:00,HistGradientBoosting,747.4291203282343,846.3858819188189,1.4891329556456079
2026-08-13 21:00:00+00:00,Seasonal naive,901.9291666666659,1037.9387651896095,1.8690788954196307
2026-08-13 21:00:00+00:00,SARIMAX,1528.892169613033,1822.8779376010614,3.0113545058377658
2026-08-13 21:00:00+00:00,HistGradientBoosting,1144.3956465549745,1456.2684371991586,2.2361836358494913
2026-08-14 21:00:00+00:00,Seasonal naive,5087.771666666667,5658.653777592924,10.644944744311315
2026-08-14 21:00:00+00:00,SARIMAX,2929.3132074553964,3586.7974931098793,6.37245648329354
2026-08-14 21:00:00+00:00,HistGradientBoosting,1821.2138857957405,2309.076109607025,4.002595537985418
2026-08-15 21:00:00+00:00,Seasonal naive,2818.179999999999,3291.034072846,6.3112357763301565
2026-08-15 21:00:00+00:00,SARIMAX,1471.101742113461,1859.5281099370536,3.495144662880893
2026-08-15 21:00:00+00:00,HistGradientBoosting,1352.4291943102317,1618.4670317039117,3.168441946344219
2026-08-16 21:00:00+00:00,Seasonal naive,7677.878333333333,8818.16943944197,15.957734362903429
2026-08-16 21:00:00+00:00,SARIMAX,10638.061026178733,11954.610756998709,23.07170318255167
2026-08-16 21:00:00+00:00,HistGradientBoosting,1750.3554809811856,2039.6411133574193,3.4725780816003273
2026-08-17 21:00:00+00:00,Seasonal naive,1651.695,1830.491679749824,3.497483107393735
2026-08-17 21:00:00+00:00,SARIMAX,1251.8123254670616,1450.9561658362427,2.502272269668233
2026-08-17 21:00:00+00:00,HistGradientBoosting,993.8252840930951,1104.5790664079839,1.9421368763406754
2026-08-18 21:00:00+00:00,Seasonal naive,1088.9862499999997,1268.5688081111323,2.1212657717552816
2026-08-18 21:00:00+00:00,SARIMAX,1115.9487631289055,1556.4003872959206,2.0803992239367592
2026-08-18 21:00:00+00:00,HistGradientBoosting,1707.8013615510424,2184.9591805119076,3.3449912511537367
2026-08-19 21:00:00+00:00,Seasonal naive,2145.3812499999995,2401.761222092203,4.438918982399198
2026-08-19 21:00:00+00:00,SARIMAX,1279.7441863905851,1473.9608862494695,2.733803263600757
2026-08-19 21:00:00+00:00,HistGradientBoosting,1204.2193178305881,1356.3063504471154,2.5746646010499
2026-08-20 21:00:00+00:00,Seasonal naive,1041.2237499999999,1206.6800564893604,2.1993813312523858
2026-08-20 21:00:00+00:00,SARIMAX,1765.862703131191,2228.7516423900597,3.5313773525643124
2026-08-20 21:00:00+00:00,HistGradientBoosting,1386.3719822214014,1478.5148036885075,2.9342173357568213
2026-08-21 21:00:00+00:00,Seasonal naive,5545.964583333333,6539.657685746695,11.640629436445776
2026-08-21 21:00:00+00:00,SARIMAX,3552.5698165203466,4361.934370776453,7.6315160714869466
2026-08-21 21:00:00+00:00,HistGradientBoosting,1511.6152457244025,1922.9460891184347,3.474347601551939
2026-08-22 21:00:00+00:00,Seasonal naive,3113.780000000001,3374.7749023070674,7.707702565257652
2026-08-22 21:00:00+00:00,SARIMAX,1118.8265469978626,1389.6044512831086,2.9423061025921693
2026-08-22 21:00:00+00:00,HistGradientBoosting,1765.9907195382502,2075.7768895232957,4.403813234880962
2026-08-23 21:00:00+00:00,Seasonal naive,9261.189583333333,10218.617749462457,20.310668484882004
2026-08-23 21:00:00+00:00,SARIMAX,10196.60366007089,11257.896218931386,22.58226418604349
2026-08-23 21:00:00+00:00,HistGradientBoosting,963.059558983388,1271.8735753307903,1.9221703631157816
2026-08-24 21:00:00+00:00,Seasonal naive,2405.108750000001,2844.4904680752293,5.331977757379247
2026-08-24 21:00:00+00:00,SARIMAX,1937.6756029394403,2008.6898810885652,3.798083118865607
2026-08-24 21:00:00+00:00,HistGradientBoosting,614.0971318713349,858.4291919291906,1.2159495531233424
2026-08-25 21:00:00+00:00,Seasonal naive,1457.6004166666678,1822.3891734307203,2.8682862374672378
2026-08-25 21:00:00+00:00,SARIMAX,1257.061848849252,1884.881343691834,2.266890010469631
2026-08-25 21:00:00+00:00,HistGradientBoosting,1322.993268426889,1592.9950522771062,2.4791524258310123
2026-08-26 21:00:00+00:00,Seasonal naive,1473.5541666666675,1628.7333782523572,2.871926220211867
2026-08-26 21:00:00+00:00,SARIMAX,2055.3661398089753,2546.123129228318,3.987446570589396
2026-08-26 21:00:00+00:00,HistGradientBoosting,1911.6041154483034,2148.670710103337,3.6635732242932435
2026-08-27 21:00:00+00:00,Seasonal naive,1599.2995833333334,1977.4392564806722,3.11210089947866
2026-08-27 21:00:00+00:00,SARIMAX,1784.9144844285677,2059.4165425236724,3.624941498349751
2026-08-27 21:00:00+00:00,HistGradientBoosting,1480.7179854991348,1767.0810272324472,2.927135975298769
2026-08-28 21:00:00+00:00,Seasonal naive,7571.031666666665,8226.415026319179,15.711448741005553
2026-08-28 21:00:00+00:00,SARIMAX,3149.9808821409847,3711.318593513705,6.836595110535824
2026-08-28 21:00:00+00:00,HistGradientBoosting,889.006489698093,1101.5735960434606,2.032398388776907
2026-08-29 21:00:00+00:00,Seasonal naive,3579.3358333333344,3853.53593051888,8.870706019526196
2026-08-29 21:00:00+00:00,SARIMAX,2145.0439325885604,2912.26131037294,5.360440824273948
2026-08-29 21:00:00+00:00,HistGradientBoosting,1285.2130842950694,1472.7925593984276,3.2924113475245593
2026-08-30 21:00:00+00:00,Seasonal naive,10535.149583333334,11756.460215459732,22.62368939714925
2026-08-30 21:00:00+00:00,SARIMAX,9160.763184242918,10656.182348882758,19.036019956404484
2026-08-30 21:00:00+00:00,HistGradientBoosting,1851.9873120121183,2231.1693356372616,3.5301564847489253
2026-08-31 21:00:00+00:00,Seasonal naive,1757.0254166666662,2302.916382364436,3.6989068784517922
2026-08-31 21:00:00+00:00,SARIMAX,1425.5177188458217,1931.9483207689782,2.799622650517607
2026-08-31 21:00:00+00:00,HistGradientBoosting,2444.1361755181183,2682.461670629442,4.6847092552145355
2026-09-01 21:00:00+00:00,Seasonal naive,1766.73625,2228.430784460035,3.567726420788317
2026-09-01 21:00:00+00:00,SARIMAX,1431.605363620909,1609.555579878383,2.7225286252801215
2026-09-01 21:00:00+00:00,HistGradientBoosting,824.2002137718304,1104.017431398026,1.5095224650631467
2026-09-02 21:00:00+00:00,Seasonal naive,1963.2429166666661,2162.034689947758,3.7628626968384054
2026-09-02 21:00:00+00:00,SARIMAX,2879.1692714546516,3625.453241420751,5.386390326570878
2026-09-02 21:00:00+00:00,HistGradientBoosting,1220.2316160609082,1553.0980618145913,2.2846910712833877
2026-09-03 21:00:00+00:00,Seasonal naive,1846.1066666666654,2079.1607292767585,3.5033090957390285
2026-09-03 21:00:00+00:00,SARIMAX,1621.0288856628556,1954.156224329284,2.9870674548291785
2026-09-03 21:00:00+00:00,HistGradientBoosting,1833.8518214367098,2224.7365305192066,3.3276614468309003
2026-09-04 21:00:00+00:00,Seasonal naive,7636.784166666667,8523.653031995731,14.984058970981124
2026-09-04 21:00:00+00:00,SARIMAX,4512.078248367229,5347.9375018922865,9.123153892421968
2026-09-04 21:00:00+00:00,HistGradientBoosting,1022.5235850317073,1213.6611748639104,2.250922154732159
2026-09-05 21:00:00+00:00,Seasonal naive,4217.030833333333,4721.400615281797,9.72014007340693
2026-09-05 21:00:00+00:00,SARIMAX,1880.9668941402622,2846.661798399781,4.450404028886051
2026-09-05 21:00:00+00:00,HistGradientBoosting,854.6232792034801,1123.6466220150555,2.0180277743208253
2026-09-06 21:00:00+00:00,Seasonal naive,11388.134583333333,12468.375442796769,23.363491940552873
2026-09-06 21:00:00+00:00,SARIMAX,9710.136612919832,11136.34240993841,19.280481771361153
2026-09-06 21:00:00+00:00,HistGradientBoosting,938.8645250992131,1165.6138778045229,1.6891078066752572
2026-09-07 21:00:00+00:00,Seasonal naive,1351.624583333333,1637.8728188911675,2.793322142702047
2026-09-07 21:00:00+00:00,SARIMAX,2066.2138187755304,2202.849784759175,3.8872791418673116
2026-09-07 21:00:00+00:00,HistGradientBoosting,688.354495935524,867.4647729235052,1.2587941469058532
2026-09-08 21:00:00+00:00,Seasonal naive,1600.2887500000008,1862.9232674985576,2.953323168732189
2026-09-08 21:00:00+00:00,SARIMAX,3641.438731643321,4163.635070913724,6.5775845625011415
2026-09-08 21:00:00+00:00,HistGradientBoosting,1872.4411223897712,2112.4306988625176,3.3744849116137026
2026-09-09 21:00:00+00:00,Seasonal naive,1782.34375,2051.6173800575402,3.2938876501885903
2026-09-09 21:00:00+00:00,SARIMAX,1288.4452181372108,1592.5719032672673,2.327492883197706
2026-09-09 21:00:00+00:00,HistGradientBoosting,1151.3273689053055,1382.200355953424,2.116501595928483
2026-09-10 21:00:00+00:00,Seasonal naive,1695.1216666666662,1930.3190733701688,3.2362590826461015
2026-09-10 21:00:00+00:00,SARIMAX,1528.418988747693,1875.8005495074642,2.882693517192338
2026-09-10 21:00:00+00:00,HistGradientBoosting,1009.4244433203088,1220.760725597374,1.9508837823427403
2026-09-11 21:00:00+00:00,Seasonal naive,8002.180416666666,8392.135020733449,15.983084189571372
2026-09-11 21:00:00+00:00,SARIMAX,4071.367659939929,4559.426707579151,8.45146734775667
2026-09-11 21:00:00+00:00,HistGradientBoosting,1517.1084535561129,1831.682264838479,3.2357452262588104
2026-09-12 21:00:00+00:00,Seasonal naive,2911.960833333333,3405.779684619465,6.7456656146604805
2026-09-12 21:00:00+00:00,SARIMAX,3509.5832102041095,4586.989738824999,7.919376793625254
2026-09-12 21:00:00+00:00,HistGradientBoosting,2032.2394859672459,2581.919180108775,4.476649860481692
2026-09-13 21:00:00+00:00,Seasonal naive,10057.80375,10970.924728808377,20.158610867000295
2026-09-13 21:00:00+00:00,SARIMAX,8040.642054376502,9273.199862196157,15.430445234415307
2026-09-13 21:00:00+00:00,HistGradientBoosting,818.1415444977432,963.38995389636,1.4438751386733262
2026-09-14 21:00:00+00:00,Seasonal naive,1587.9237499999992,1953.7055222267154,3.1564997785296813
2026-09-14 21:00:00+00:00,SARIMAX,1324.3022336274917,1579.108804790493,2.370127469578573
2026-09-14 21:00:00+00:00,HistGradientBoosting,919.888152527244,1197.8882423855919,1.667952414190049
2026-09-15 21:00:00+00:00,Seasonal naive,1393.6004166666664,1860.2678143023295,2.3927662466022865
2026-09-15 21:00:00+00:00,SARIMAX,2083.2398988179866,2539.770021520889,3.6200713629933965
2026-09-15 21:00:00+00:00,HistGradientBoosting,1518.0435305544345,1914.6901764466452,2.5799607325495297
2026-09-16 21:00:00+00:00,Seasonal naive,1370.2462499999995,1811.6620325833865,2.357142836747775
2026-09-16 21:00:00+00:00,SARIMAX,1298.134205373538,1625.2891318310637,2.387679983970552
2026-09-16 21:00:00+00:00,HistGradientBoosting,808.2945845997962,962.5000537462665,1.4227689105126131
2026-09-17 21:00:00+00:00,Seasonal naive,2343.945416666667,2862.465424461491,4.466744468467623
2026-09-17 21:00:00+00:00,SARIMAX,1921.4575423450135,2305.215317154247,3.80553088114212
2026-09-17 21:00:00+00:00,HistGradientBoosting,1583.3504238467947,1761.69637514742,3.0342376906709174
2026-09-18 21:00:00+00:00,Seasonal naive,7178.742916666665,7913.762039107096,14.15604957676092
2026-09-18 21:00:00+00:00,SARIMAX,2369.0011950005833,2979.2781488953174,5.034446027691767
2026-09-18 21:00:00+00:00,HistGradientBoosting,897.0084349240393,1033.0135540240947,2.013564930438511
2026-09-19 21:00:00+00:00,Seasonal naive,2455.335,3216.1003988305984,5.878905927863908
2026-09-19 21:00:00+00:00,SARIMAX,2611.0240816010387,2801.770595576492,6.124096895930221
2026-09-19 21:00:00+00:00,HistGradientBoosting,1244.1831367423727,1396.3652404061986,2.941542893778962
2026-09-20 21:00:00+00:00,Seasonal naive,8537.039583333333,9440.211909298565,17.4480552041954
2026-09-20 21:00:00+00:00,SARIMAX,8278.270796908073,9316.408310540142,16.62698994968676
2026-09-20 21:00:00+00:00,HistGradientBoosting,1885.4414279662126,2078.3128537565804,3.498422504685566
2026-09-21 21:00:00+00:00,Seasonal naive,2566.2399999999993,3000.157969159012,5.1782780210482295
2026-09-21 21:00:00+00:00,SARIMAX,1641.0319786854236,2226.5490183617912,2.9576939503867075
2026-09-21 21:00:00+00:00,HistGradientBoosting,1558.6827716264731,2278.4526340256957,2.8216166641528466
2026-09-22 21:00:00+00:00,Seasonal naive,1111.1745833333327,1465.1105191432368,2.053363127073895
2026-09-22 21:00:00+00:00,SARIMAX,1735.0038458029867,2189.100674773478,3.1648500338345578
2026-09-22 21:00:00+00:00,HistGradientBoosting,1928.5666499514675,2611.3357677271106,3.418765359756564
2026-09-23 21:00:00+00:00,Seasonal naive,2003.8549999999993,2825.6473229804647,3.5332529996870705
2026-09-23 21:00:00+00:00,SARIMAX,2534.4002120612613,3507.371556993139,4.5483241045407015
2026-09-23 21:00:00+00:00,HistGradientBoosting,1035.550931872346,1363.9985757835095,1.8359336287967523
2026-09-24 21:00:00+00:00,Seasonal naive,2701.2833333333338,3384.409003802092,4.831230089709251
2026-09-24 21:00:00+00:00,SARIMAX,1869.7295750750145,2467.7842687205366,3.366265187406792
2026-09-24 21:00:00+00:00,HistGradientBoosting,1360.0885107954098,1787.4212818443336,2.4776432270496405
2026-09-25 21:00:00+00:00,Seasonal naive,7225.9783333333335,7974.089338503384,14.350793535181312
2026-09-25 21:00:00+00:00,SARIMAX,3974.680775099523,4893.225612586679,8.137504656041552
2026-09-25 21:00:00+00:00,HistGradientBoosting,893.2802130105865,1113.8330314753498,1.9121570827796344
2026-09-26 21:00:00+00:00,Seasonal naive,3248.7670833333336,3585.726084961152,7.494331087864755
2026-09-26 21:00:00+00:00,SARIMAX,1613.5928022351884,2249.4556459267124,3.716326627694428
2026-09-26 21:00:00+00:00,HistGradientBoosting,1157.1315514267035,1449.8610769203717,2.6581401038079235
2026-09-27 21:00:00+00:00,Seasonal naive,10270.977083333333,11443.113589211453,20.84056895686534
2026-09-27 21:00:00+00:00,SARIMAX,9534.518858507325,10922.627495200324,18.965411131409663
2026-09-27 21:00:00+00:00,HistGradientBoosting,1310.0199794747223,1709.3284961910788,2.4715769433005086
2026-09-28 21:00:00+00:00,Seasonal naive,1501.320833333333,1864.2304512497012,3.09077809475996
2026-09-28 21:00:00+00:00,SARIMAX,689.0450070774499,869.661499792055,1.272341645598631
2026-09-28 21:00:00+00:00,HistGradientBoosting,1026.0972621290093,1220.3122296361764,1.9379717610893785
