issued_at,origin,timestamp,prediction,lower_bound,upper_bound,model_version
2026-09-08 06:38:52+00:00,2026-09-07 19:00:00+00:00,2026-09-07 20:00:00+00:00,50002.608,45851.515,54153.702,v1
2026-09-08 06:38:52+00:00,2026-09-07 19:00:00+00:00,2026-09-07 21:00:00+00:00,46980.502,42829.409,51131.596,v1
2026-09-08 06:38:52+00:00,2026-09-07 19:00:00+00:00,2026-09-07 22:00:00+00:00,44476.963,40325.869,48628.056,v1
2026-09-08 06:38:52+00:00,2026-09-07 19:00:00+00:00,2026-09-07 23:00:00+00:00,42796.215,38645.121,46947.309,v1
2026-09-08 06:38:52+00:00,2026-09-07 19:00:00+00:00,2026-09-08 00:00:00+00:00,42141.063,37989.969,46292.157,v1
2026-09-08 06:38:52+00:00,2026-09-07 19:00:00+00:00,2026-09-08 01:00:00+00:00,42304.162,38153.068,46455.256,v1
2026-09-08 06:38:52+00:00,2026-09-07 19:00:00+00:00,2026-09-08 02:00:00+00:00,43609.623,39458.529,47760.716,v1
2026-09-08 06:38:52+00:00,2026-09-07 19:00:00+00:00,2026-09-08 03:00:00+00:00,46354.029,42202.935,50505.123,v1
2026-09-08 06:38:52+00:00,2026-09-07 19:00:00+00:00,2026-09-08 04:00:00+00:00,51954.852,47803.759,56105.946,v1
2026-09-08 06:38:52+00:00,2026-09-07 19:00:00+00:00,2026-09-08 05:00:00+00:00,56137.136,51986.042,60288.23,v1
2026-09-08 06:38:52+00:00,2026-09-07 19:00:00+00:00,2026-09-08 06:00:00+00:00,58691.579,54540.485,62842.672,v1
2026-09-08 06:38:52+00:00,2026-09-07 19:00:00+00:00,2026-09-08 07:00:00+00:00,59723.792,55572.699,63874.886,v1
2026-09-08 06:38:52+00:00,2026-09-07 19:00:00+00:00,2026-09-08 08:00:00+00:00,60239.268,56088.174,64390.362,v1
2026-09-08 06:38:52+00:00,2026-09-07 19:00:00+00:00,2026-09-08 09:00:00+00:00,60105.426,55954.333,64256.52,v1
2026-09-08 06:38:52+00:00,2026-09-07 19:00:00+00:00,2026-09-08 10:00:00+00:00,59132.084,54980.991,63283.178,v1
2026-09-08 06:38:52+00:00,2026-09-07 19:00:00+00:00,2026-09-08 11:00:00+00:00,58013.459,53862.365,62164.552,v1
2026-09-08 06:38:52+00:00,2026-09-07 19:00:00+00:00,2026-09-08 12:00:00+00:00,56819.311,52668.217,60970.404,v1
2026-09-08 06:38:52+00:00,2026-09-07 19:00:00+00:00,2026-09-08 13:00:00+00:00,56136.937,51985.843,60288.03,v1
2026-09-08 06:38:52+00:00,2026-09-07 19:00:00+00:00,2026-09-08 14:00:00+00:00,55881.874,51730.78,60032.968,v1
2026-09-08 06:38:52+00:00,2026-09-07 19:00:00+00:00,2026-09-08 15:00:00+00:00,56947.874,52796.78,61098.967,v1
2026-09-08 06:38:52+00:00,2026-09-07 19:00:00+00:00,2026-09-08 16:00:00+00:00,57806.348,53655.255,61957.442,v1
2026-09-08 06:38:52+00:00,2026-09-07 19:00:00+00:00,2026-09-08 17:00:00+00:00,57252.776,53101.682,61403.87,v1
2026-09-08 06:38:52+00:00,2026-09-07 19:00:00+00:00,2026-09-08 18:00:00+00:00,54907.277,50756.183,59058.371,v1
2026-09-08 06:38:52+00:00,2026-09-07 19:00:00+00:00,2026-09-08 19:00:00+00:00,52243.635,48092.541,56394.729,v1
2026-09-09 11:33:38+00:00,2026-09-08 06:00:00+00:00,2026-09-08 07:00:00+00:00,60146.984,56573.081,63720.886,v1
2026-09-09 11:33:38+00:00,2026-09-08 06:00:00+00:00,2026-09-08 08:00:00+00:00,60496.635,56922.733,64070.537,v1
2026-09-09 11:33:38+00:00,2026-09-08 06:00:00+00:00,2026-09-08 09:00:00+00:00,60324.217,56750.315,63898.12,v1
2026-09-09 11:33:38+00:00,2026-09-08 06:00:00+00:00,2026-09-08 10:00:00+00:00,59438.841,55864.939,63012.743,v1
2026-09-09 11:33:38+00:00,2026-09-08 06:00:00+00:00,2026-09-08 11:00:00+00:00,58336.037,54762.135,61909.94,v1
2026-09-09 11:33:38+00:00,2026-09-08 06:00:00+00:00,2026-09-08 12:00:00+00:00,56925.315,53351.413,60499.217,v1
2026-09-09 11:33:38+00:00,2026-09-08 06:00:00+00:00,2026-09-08 13:00:00+00:00,56324.217,52750.315,59898.12,v1
2026-09-09 11:33:38+00:00,2026-09-08 06:00:00+00:00,2026-09-08 14:00:00+00:00,56569.224,52995.322,60143.126,v1
2026-09-09 11:33:38+00:00,2026-09-08 06:00:00+00:00,2026-09-08 15:00:00+00:00,57600.651,54026.749,61174.554,v1
2026-09-09 11:33:38+00:00,2026-09-08 06:00:00+00:00,2026-09-08 16:00:00+00:00,58391.038,54817.136,61964.941,v1
2026-09-09 11:33:38+00:00,2026-09-08 06:00:00+00:00,2026-09-08 17:00:00+00:00,57777.474,54203.572,61351.376,v1
2026-09-09 11:33:38+00:00,2026-09-08 06:00:00+00:00,2026-09-08 18:00:00+00:00,55565.467,51991.564,59139.369,v1
2026-09-09 11:33:38+00:00,2026-09-08 06:00:00+00:00,2026-09-08 19:00:00+00:00,52661.045,49087.143,56234.947,v1
2026-09-09 11:33:38+00:00,2026-09-08 06:00:00+00:00,2026-09-08 20:00:00+00:00,49105.426,45531.524,52679.328,v1
2026-09-09 11:33:38+00:00,2026-09-08 06:00:00+00:00,2026-09-08 21:00:00+00:00,46017.469,42443.567,49591.372,v1
2026-09-09 11:33:38+00:00,2026-09-08 06:00:00+00:00,2026-09-08 22:00:00+00:00,43724.318,40150.416,47298.22,v1
2026-09-09 11:33:38+00:00,2026-09-08 06:00:00+00:00,2026-09-08 23:00:00+00:00,42355.145,38781.242,45929.047,v1
2026-09-09 11:33:38+00:00,2026-09-08 06:00:00+00:00,2026-09-09 00:00:00+00:00,41818.251,38244.349,45392.153,v1
2026-09-09 11:33:38+00:00,2026-09-08 06:00:00+00:00,2026-09-09 01:00:00+00:00,42321.274,38747.372,45895.177,v1
2026-09-09 11:33:38+00:00,2026-09-08 06:00:00+00:00,2026-09-09 02:00:00+00:00,43795.141,40221.239,47369.044,v1
2026-09-09 11:33:38+00:00,2026-09-08 06:00:00+00:00,2026-09-09 03:00:00+00:00,47504.539,43930.637,51078.441,v1
2026-09-09 11:33:38+00:00,2026-09-08 06:00:00+00:00,2026-09-09 04:00:00+00:00,54621.334,51047.432,58195.237,v1
2026-09-09 11:33:38+00:00,2026-09-08 06:00:00+00:00,2026-09-09 05:00:00+00:00,58562.827,54988.925,62136.729,v1
2026-09-09 11:33:38+00:00,2026-09-08 06:00:00+00:00,2026-09-09 06:00:00+00:00,60902.261,57328.359,64476.163,v1
2026-09-10 11:30:25+00:00,2026-09-10 09:00:00+00:00,2026-09-10 10:00:00+00:00,59808.976,55653.836,63964.115,v1
2026-09-10 11:30:25+00:00,2026-09-10 09:00:00+00:00,2026-09-10 11:00:00+00:00,58776.015,54620.875,62931.154,v1
2026-09-10 11:30:25+00:00,2026-09-10 09:00:00+00:00,2026-09-10 12:00:00+00:00,57432.382,53277.242,61587.521,v1
2026-09-10 11:30:25+00:00,2026-09-10 09:00:00+00:00,2026-09-10 13:00:00+00:00,56916.984,52761.844,61072.123,v1
2026-09-10 11:30:25+00:00,2026-09-10 09:00:00+00:00,2026-09-10 14:00:00+00:00,57146.376,52991.237,61301.516,v1
2026-09-10 11:30:25+00:00,2026-09-10 09:00:00+00:00,2026-09-10 15:00:00+00:00,58127.737,53972.598,62282.877,v1
2026-09-10 11:30:25+00:00,2026-09-10 09:00:00+00:00,2026-09-10 16:00:00+00:00,59264.715,55109.575,63419.854,v1
2026-09-10 11:30:25+00:00,2026-09-10 09:00:00+00:00,2026-09-10 17:00:00+00:00,59408.149,55253.009,63563.288,v1
2026-09-10 11:30:25+00:00,2026-09-10 09:00:00+00:00,2026-09-10 18:00:00+00:00,58019.242,53864.102,62174.381,v1
2026-09-10 11:30:25+00:00,2026-09-10 09:00:00+00:00,2026-09-10 19:00:00+00:00,54682.357,50527.218,58837.497,v1
2026-09-10 11:30:25+00:00,2026-09-10 09:00:00+00:00,2026-09-10 20:00:00+00:00,51253.222,47098.083,55408.362,v1
2026-09-10 11:30:25+00:00,2026-09-10 09:00:00+00:00,2026-09-10 21:00:00+00:00,47653.29,43498.151,51808.43,v1
2026-09-10 11:30:25+00:00,2026-09-10 09:00:00+00:00,2026-09-10 22:00:00+00:00,44776.141,40621.001,48931.28,v1
2026-09-10 11:30:25+00:00,2026-09-10 09:00:00+00:00,2026-09-10 23:00:00+00:00,43206.701,39051.561,47361.84,v1
2026-09-10 11:30:25+00:00,2026-09-10 09:00:00+00:00,2026-09-11 00:00:00+00:00,42387.703,38232.563,46542.842,v1
2026-09-10 11:30:25+00:00,2026-09-10 09:00:00+00:00,2026-09-11 01:00:00+00:00,42371.861,38216.721,46527.0,v1
2026-09-10 11:30:25+00:00,2026-09-10 09:00:00+00:00,2026-09-11 02:00:00+00:00,43551.025,39395.885,47706.164,v1
2026-09-10 11:30:25+00:00,2026-09-10 09:00:00+00:00,2026-09-11 03:00:00+00:00,46217.66,42062.52,50372.799,v1
2026-09-10 11:30:25+00:00,2026-09-10 09:00:00+00:00,2026-09-11 04:00:00+00:00,52420.335,48265.195,56575.474,v1
2026-09-10 11:30:25+00:00,2026-09-10 09:00:00+00:00,2026-09-11 05:00:00+00:00,57172.855,53017.715,61327.994,v1
2026-09-10 11:30:25+00:00,2026-09-10 09:00:00+00:00,2026-09-11 06:00:00+00:00,59583.375,55428.235,63738.514,v1
2026-09-10 11:30:25+00:00,2026-09-10 09:00:00+00:00,2026-09-11 07:00:00+00:00,59979.642,55824.502,64134.782,v1
2026-09-10 11:30:25+00:00,2026-09-10 09:00:00+00:00,2026-09-11 08:00:00+00:00,59778.631,55623.491,63933.77,v1
2026-09-10 11:30:25+00:00,2026-09-10 09:00:00+00:00,2026-09-11 09:00:00+00:00,59519.528,55364.389,63674.668,v1
2026-09-11 11:32:08+00:00,2026-09-11 09:00:00+00:00,2026-09-11 10:00:00+00:00,59001.51,54821.289,63181.73,v1
2026-09-11 11:32:08+00:00,2026-09-11 09:00:00+00:00,2026-09-11 11:00:00+00:00,57313.826,53133.605,61494.046,v1
2026-09-11 11:32:08+00:00,2026-09-11 09:00:00+00:00,2026-09-11 12:00:00+00:00,55982.889,51802.669,60163.109,v1
2026-09-11 11:32:08+00:00,2026-09-11 09:00:00+00:00,2026-09-11 13:00:00+00:00,55035.688,50855.467,59215.908,v1
2026-09-11 11:32:08+00:00,2026-09-11 09:00:00+00:00,2026-09-11 14:00:00+00:00,54920.216,50739.996,59100.436,v1
2026-09-11 11:32:08+00:00,2026-09-11 09:00:00+00:00,2026-09-11 15:00:00+00:00,56013.814,51833.594,60194.034,v1
2026-09-11 11:32:08+00:00,2026-09-11 09:00:00+00:00,2026-09-11 16:00:00+00:00,57035.083,52854.863,61215.303,v1
2026-09-11 11:32:08+00:00,2026-09-11 09:00:00+00:00,2026-09-11 17:00:00+00:00,56166.69,51986.47,60346.91,v1
2026-09-11 11:32:08+00:00,2026-09-11 09:00:00+00:00,2026-09-11 18:00:00+00:00,53896.958,49716.738,58077.178,v1
2026-09-11 11:32:08+00:00,2026-09-11 09:00:00+00:00,2026-09-11 19:00:00+00:00,51626.91,47446.69,55807.13,v1
2026-09-11 11:32:08+00:00,2026-09-11 09:00:00+00:00,2026-09-11 20:00:00+00:00,48937.54,44757.32,53117.76,v1
2026-09-11 11:32:08+00:00,2026-09-11 09:00:00+00:00,2026-09-11 21:00:00+00:00,46288.994,42108.774,50469.214,v1
2026-09-11 11:32:08+00:00,2026-09-11 09:00:00+00:00,2026-09-11 22:00:00+00:00,43497.709,39317.488,47677.929,v1
2026-09-11 11:32:08+00:00,2026-09-11 09:00:00+00:00,2026-09-11 23:00:00+00:00,41682.284,37502.063,45862.504,v1
2026-09-11 11:32:08+00:00,2026-09-11 09:00:00+00:00,2026-09-12 00:00:00+00:00,40364.97,36184.749,44545.19,v1
2026-09-11 11:32:08+00:00,2026-09-11 09:00:00+00:00,2026-09-12 01:00:00+00:00,40171.793,35991.572,44352.013,v1
2026-09-11 11:32:08+00:00,2026-09-11 09:00:00+00:00,2026-09-12 02:00:00+00:00,40607.735,36427.514,44787.955,v1
2026-09-11 11:32:08+00:00,2026-09-11 09:00:00+00:00,2026-09-12 03:00:00+00:00,41884.789,37704.568,46065.009,v1
2026-09-11 11:32:08+00:00,2026-09-11 09:00:00+00:00,2026-09-12 04:00:00+00:00,43591.688,39411.468,47771.908,v1
2026-09-11 11:32:08+00:00,2026-09-11 09:00:00+00:00,2026-09-12 05:00:00+00:00,45450.747,41270.527,49630.968,v1
2026-09-11 11:32:08+00:00,2026-09-11 09:00:00+00:00,2026-09-12 06:00:00+00:00,48264.417,44084.197,52444.637,v1
2026-09-11 11:32:08+00:00,2026-09-11 09:00:00+00:00,2026-09-12 07:00:00+00:00,50943.213,46762.993,55123.433,v1
2026-09-11 11:32:08+00:00,2026-09-11 09:00:00+00:00,2026-09-12 08:00:00+00:00,51540.659,47360.438,55720.879,v1
2026-09-11 11:32:08+00:00,2026-09-11 09:00:00+00:00,2026-09-12 09:00:00+00:00,52332.169,48151.949,56512.39,v1
2026-09-12 10:56:21+00:00,2026-09-12 09:00:00+00:00,2026-09-12 10:00:00+00:00,51334.562,47441.197,55227.927,v1
2026-09-12 10:56:21+00:00,2026-09-12 09:00:00+00:00,2026-09-12 11:00:00+00:00,50744.944,46851.579,54638.309,v1
2026-09-12 10:56:21+00:00,2026-09-12 09:00:00+00:00,2026-09-12 12:00:00+00:00,49271.773,45378.408,53165.138,v1
2026-09-12 10:56:21+00:00,2026-09-12 09:00:00+00:00,2026-09-12 13:00:00+00:00,48508.157,44614.792,52401.522,v1
2026-09-12 10:56:21+00:00,2026-09-12 09:00:00+00:00,2026-09-12 14:00:00+00:00,48542.487,44649.122,52435.852,v1
2026-09-12 10:56:21+00:00,2026-09-12 09:00:00+00:00,2026-09-12 15:00:00+00:00,49711.939,45818.574,53605.303,v1
2026-09-12 10:56:21+00:00,2026-09-12 09:00:00+00:00,2026-09-12 16:00:00+00:00,50814.069,46920.704,54707.434,v1
2026-09-12 10:56:21+00:00,2026-09-12 09:00:00+00:00,2026-09-12 17:00:00+00:00,50697.883,46804.518,54591.247,v1
2026-09-12 10:56:21+00:00,2026-09-12 09:00:00+00:00,2026-09-12 18:00:00+00:00,49529.111,45635.746,53422.475,v1
2026-09-12 10:56:21+00:00,2026-09-12 09:00:00+00:00,2026-09-12 19:00:00+00:00,47518.561,43625.196,51411.926,v1
2026-09-12 10:56:21+00:00,2026-09-12 09:00:00+00:00,2026-09-12 20:00:00+00:00,44912.562,41019.197,48805.927,v1
2026-09-12 10:56:21+00:00,2026-09-12 09:00:00+00:00,2026-09-12 21:00:00+00:00,42306.769,38413.404,46200.134,v1
2026-09-12 10:56:21+00:00,2026-09-12 09:00:00+00:00,2026-09-12 22:00:00+00:00,40166.123,36272.758,44059.488,v1
2026-09-12 10:56:21+00:00,2026-09-12 09:00:00+00:00,2026-09-12 23:00:00+00:00,38479.37,34586.005,42372.735,v1
2026-09-12 10:56:21+00:00,2026-09-12 09:00:00+00:00,2026-09-13 00:00:00+00:00,37410.105,33516.74,41303.47,v1
2026-09-12 10:56:21+00:00,2026-09-12 09:00:00+00:00,2026-09-13 01:00:00+00:00,37065.672,33172.307,40959.037,v1
2026-09-12 10:56:21+00:00,2026-09-12 09:00:00+00:00,2026-09-13 02:00:00+00:00,37536.251,33642.886,41429.616,v1
2026-09-12 10:56:21+00:00,2026-09-12 09:00:00+00:00,2026-09-13 03:00:00+00:00,38234.306,34340.941,42127.671,v1
2026-09-12 10:56:21+00:00,2026-09-12 09:00:00+00:00,2026-09-13 04:00:00+00:00,39176.655,35283.29,43070.02,v1
2026-09-12 10:56:21+00:00,2026-09-12 09:00:00+00:00,2026-09-13 05:00:00+00:00,40440.368,36547.003,44333.733,v1
2026-09-12 10:56:21+00:00,2026-09-12 09:00:00+00:00,2026-09-13 06:00:00+00:00,42792.512,38899.147,46685.877,v1
2026-09-12 10:56:21+00:00,2026-09-12 09:00:00+00:00,2026-09-13 07:00:00+00:00,45582.557,41689.192,49475.922,v1
2026-09-12 10:56:21+00:00,2026-09-12 09:00:00+00:00,2026-09-13 08:00:00+00:00,46584.125,42690.76,50477.489,v1
2026-09-12 10:56:21+00:00,2026-09-12 09:00:00+00:00,2026-09-13 09:00:00+00:00,47794.05,43900.685,51687.415,v1
2026-09-13 12:01:46+00:00,2026-09-13 10:00:00+00:00,2026-09-13 11:00:00+00:00,47858.149,45064.921,50651.376,v1
2026-09-13 12:01:46+00:00,2026-09-13 10:00:00+00:00,2026-09-13 12:00:00+00:00,46492.168,43698.94,49285.396,v1
2026-09-13 12:01:46+00:00,2026-09-13 10:00:00+00:00,2026-09-13 13:00:00+00:00,45794.315,43001.087,48587.543,v1
2026-09-13 12:01:46+00:00,2026-09-13 10:00:00+00:00,2026-09-13 14:00:00+00:00,46194.284,43401.056,48987.512,v1
2026-09-13 12:01:46+00:00,2026-09-13 10:00:00+00:00,2026-09-13 15:00:00+00:00,47839.301,45046.073,50632.529,v1
2026-09-13 12:01:46+00:00,2026-09-13 10:00:00+00:00,2026-09-13 16:00:00+00:00,49529.8,46736.572,52323.028,v1
2026-09-13 12:01:46+00:00,2026-09-13 10:00:00+00:00,2026-09-13 17:00:00+00:00,49610.885,46817.657,52404.112,v1
2026-09-13 12:01:46+00:00,2026-09-13 10:00:00+00:00,2026-09-13 18:00:00+00:00,48820.417,46027.189,51613.645,v1
2026-09-13 12:01:46+00:00,2026-09-13 10:00:00+00:00,2026-09-13 19:00:00+00:00,47763.447,44970.22,50556.675,v1
2026-09-13 12:01:46+00:00,2026-09-13 10:00:00+00:00,2026-09-13 20:00:00+00:00,45913.982,43120.754,48707.21,v1
2026-09-13 12:01:46+00:00,2026-09-13 10:00:00+00:00,2026-09-13 21:00:00+00:00,43208.648,40415.421,46001.876,v1
2026-09-13 12:01:46+00:00,2026-09-13 10:00:00+00:00,2026-09-13 22:00:00+00:00,41354.07,38560.842,44147.298,v1
2026-09-13 12:01:46+00:00,2026-09-13 10:00:00+00:00,2026-09-13 23:00:00+00:00,40062.077,37268.849,42855.305,v1
2026-09-13 12:01:46+00:00,2026-09-13 10:00:00+00:00,2026-09-14 00:00:00+00:00,39238.409,36445.181,42031.636,v1
2026-09-13 12:01:46+00:00,2026-09-13 10:00:00+00:00,2026-09-14 01:00:00+00:00,39585.655,36792.427,42378.882,v1
2026-09-13 12:01:46+00:00,2026-09-13 10:00:00+00:00,2026-09-14 02:00:00+00:00,41314.193,38520.965,44107.421,v1
2026-09-13 12:01:46+00:00,2026-09-13 10:00:00+00:00,2026-09-14 03:00:00+00:00,45457.905,42664.677,48251.133,v1
2026-09-13 12:01:46+00:00,2026-09-13 10:00:00+00:00,2026-09-14 04:00:00+00:00,52603.626,49810.398,55396.854,v1
2026-09-13 12:01:46+00:00,2026-09-13 10:00:00+00:00,2026-09-14 05:00:00+00:00,57470.248,54677.02,60263.476,v1
2026-09-13 12:01:46+00:00,2026-09-13 10:00:00+00:00,2026-09-14 06:00:00+00:00,60961.206,58167.979,63754.434,v1
2026-09-13 12:01:46+00:00,2026-09-13 10:00:00+00:00,2026-09-14 07:00:00+00:00,61747.066,58953.838,64540.294,v1
2026-09-13 12:01:46+00:00,2026-09-13 10:00:00+00:00,2026-09-14 08:00:00+00:00,62186.173,59392.946,64979.401,v1
2026-09-13 12:01:46+00:00,2026-09-13 10:00:00+00:00,2026-09-14 09:00:00+00:00,62384.302,59591.075,65177.53,v1
2026-09-13 12:01:46+00:00,2026-09-13 10:00:00+00:00,2026-09-14 10:00:00+00:00,61682.722,58889.494,64475.95,v1
2026-09-14 13:00:58+00:00,2026-09-14 11:00:00+00:00,2026-09-14 12:00:00+00:00,57744.386,54443.851,61044.921,v1
2026-09-14 13:00:58+00:00,2026-09-14 11:00:00+00:00,2026-09-14 13:00:00+00:00,57083.206,53782.671,60383.741,v1
2026-09-14 13:00:58+00:00,2026-09-14 11:00:00+00:00,2026-09-14 14:00:00+00:00,57019.716,53719.181,60320.251,v1
2026-09-14 13:00:58+00:00,2026-09-14 11:00:00+00:00,2026-09-14 15:00:00+00:00,58068.235,54767.7,61368.77,v1
2026-09-14 13:00:58+00:00,2026-09-14 11:00:00+00:00,2026-09-14 16:00:00+00:00,59070.191,55769.656,62370.726,v1
2026-09-14 13:00:58+00:00,2026-09-14 11:00:00+00:00,2026-09-14 17:00:00+00:00,58776.203,55475.668,62076.738,v1
2026-09-14 13:00:58+00:00,2026-09-14 11:00:00+00:00,2026-09-14 18:00:00+00:00,56995.855,53695.319,60296.39,v1
2026-09-14 13:00:58+00:00,2026-09-14 11:00:00+00:00,2026-09-14 19:00:00+00:00,54127.67,50827.135,57428.205,v1
2026-09-14 13:00:58+00:00,2026-09-14 11:00:00+00:00,2026-09-14 20:00:00+00:00,50581.563,47281.028,53882.098,v1
2026-09-14 13:00:58+00:00,2026-09-14 11:00:00+00:00,2026-09-14 21:00:00+00:00,47188.956,43888.421,50489.491,v1
2026-09-14 13:00:58+00:00,2026-09-14 11:00:00+00:00,2026-09-14 22:00:00+00:00,44529.077,41228.542,47829.612,v1
2026-09-14 13:00:58+00:00,2026-09-14 11:00:00+00:00,2026-09-14 23:00:00+00:00,42915.394,39614.859,46215.929,v1
2026-09-14 13:00:58+00:00,2026-09-14 11:00:00+00:00,2026-09-15 00:00:00+00:00,42183.846,38883.311,45484.381,v1
2026-09-14 13:00:58+00:00,2026-09-14 11:00:00+00:00,2026-09-15 01:00:00+00:00,42355.98,39055.445,45656.515,v1
2026-09-14 13:00:58+00:00,2026-09-14 11:00:00+00:00,2026-09-15 02:00:00+00:00,43627.829,40327.294,46928.364,v1
2026-09-14 13:00:58+00:00,2026-09-14 11:00:00+00:00,2026-09-15 03:00:00+00:00,46513.463,43212.928,49813.998,v1
2026-09-14 13:00:58+00:00,2026-09-14 11:00:00+00:00,2026-09-15 04:00:00+00:00,53764.886,50464.351,57065.421,v1
2026-09-14 13:00:58+00:00,2026-09-14 11:00:00+00:00,2026-09-15 05:00:00+00:00,57787.64,54487.105,61088.175,v1
2026-09-14 13:00:58+00:00,2026-09-14 11:00:00+00:00,2026-09-15 06:00:00+00:00,60694.196,57393.661,63994.731,v1
2026-09-14 13:00:58+00:00,2026-09-14 11:00:00+00:00,2026-09-15 07:00:00+00:00,61413.062,58112.527,64713.597,v1
2026-09-14 13:00:58+00:00,2026-09-14 11:00:00+00:00,2026-09-15 08:00:00+00:00,61669.555,58369.019,64970.09,v1
2026-09-14 13:00:58+00:00,2026-09-14 11:00:00+00:00,2026-09-15 09:00:00+00:00,61934.87,58634.335,65235.405,v1
2026-09-14 13:00:58+00:00,2026-09-14 11:00:00+00:00,2026-09-15 10:00:00+00:00,61205.052,57904.517,64505.587,v1
2026-09-14 13:00:58+00:00,2026-09-14 11:00:00+00:00,2026-09-15 11:00:00+00:00,59685.202,56384.667,62985.737,v1
2026-09-15 11:53:38+00:00,2026-09-15 10:00:00+00:00,2026-09-15 11:00:00+00:00,59063.185,55762.842,62363.528,v1
2026-09-15 11:53:38+00:00,2026-09-15 10:00:00+00:00,2026-09-15 12:00:00+00:00,57807.858,54507.515,61108.201,v1
2026-09-15 11:53:38+00:00,2026-09-15 10:00:00+00:00,2026-09-15 13:00:00+00:00,56830.44,53530.097,60130.783,v1
2026-09-15 11:53:38+00:00,2026-09-15 10:00:00+00:00,2026-09-15 14:00:00+00:00,56910.227,53609.884,60210.57,v1
2026-09-15 11:53:38+00:00,2026-09-15 10:00:00+00:00,2026-09-15 15:00:00+00:00,58076.55,54776.207,61376.893,v1
2026-09-15 11:53:38+00:00,2026-09-15 10:00:00+00:00,2026-09-15 16:00:00+00:00,58999.826,55699.483,62300.169,v1
2026-09-15 11:53:38+00:00,2026-09-15 10:00:00+00:00,2026-09-15 17:00:00+00:00,58695.371,55395.028,61995.714,v1
2026-09-15 11:53:38+00:00,2026-09-15 10:00:00+00:00,2026-09-15 18:00:00+00:00,56924.242,53623.899,60224.585,v1
2026-09-15 11:53:38+00:00,2026-09-15 10:00:00+00:00,2026-09-15 19:00:00+00:00,54067.592,50767.249,57367.935,v1
2026-09-15 11:53:38+00:00,2026-09-15 10:00:00+00:00,2026-09-15 20:00:00+00:00,50850.138,47549.795,54150.481,v1
2026-09-15 11:53:38+00:00,2026-09-15 10:00:00+00:00,2026-09-15 21:00:00+00:00,47422.027,44121.684,50722.37,v1
2026-09-15 11:53:38+00:00,2026-09-15 10:00:00+00:00,2026-09-15 22:00:00+00:00,44824.684,41524.341,48125.027,v1
2026-09-15 11:53:38+00:00,2026-09-15 10:00:00+00:00,2026-09-15 23:00:00+00:00,43397.985,40097.642,46698.328,v1
2026-09-15 11:53:38+00:00,2026-09-15 10:00:00+00:00,2026-09-16 00:00:00+00:00,42567.524,39267.181,45867.867,v1
2026-09-15 11:53:38+00:00,2026-09-15 10:00:00+00:00,2026-09-16 01:00:00+00:00,42900.775,39600.432,46201.118,v1
2026-09-15 11:53:38+00:00,2026-09-15 10:00:00+00:00,2026-09-16 02:00:00+00:00,44259.853,40959.51,47560.196,v1
2026-09-15 11:53:38+00:00,2026-09-15 10:00:00+00:00,2026-09-16 03:00:00+00:00,47955.901,44655.558,51256.244,v1
2026-09-15 11:53:38+00:00,2026-09-15 10:00:00+00:00,2026-09-16 04:00:00+00:00,54989.468,51689.125,58289.811,v1
2026-09-15 11:53:38+00:00,2026-09-15 10:00:00+00:00,2026-09-16 05:00:00+00:00,58201.305,54900.962,61501.648,v1
2026-09-15 11:53:38+00:00,2026-09-15 10:00:00+00:00,2026-09-16 06:00:00+00:00,61222.259,57921.916,64522.602,v1
2026-09-15 11:53:38+00:00,2026-09-15 10:00:00+00:00,2026-09-16 07:00:00+00:00,61427.812,58127.469,64728.155,v1
2026-09-15 11:53:38+00:00,2026-09-15 10:00:00+00:00,2026-09-16 08:00:00+00:00,61359.05,58058.707,64659.393,v1
2026-09-15 11:53:38+00:00,2026-09-15 10:00:00+00:00,2026-09-16 09:00:00+00:00,61129.583,57829.24,64429.926,v1
2026-09-15 11:53:38+00:00,2026-09-15 10:00:00+00:00,2026-09-16 10:00:00+00:00,60170.026,56869.683,63470.369,v1
2026-09-16 11:47:37+00:00,2026-09-16 10:00:00+00:00,2026-09-16 11:00:00+00:00,61534.215,58596.64,64471.791,v1
2026-09-16 11:47:37+00:00,2026-09-16 10:00:00+00:00,2026-09-16 12:00:00+00:00,59997.429,57059.853,62935.004,v1
2026-09-16 11:47:37+00:00,2026-09-16 10:00:00+00:00,2026-09-16 13:00:00+00:00,59178.147,56240.571,62115.722,v1
2026-09-16 11:47:37+00:00,2026-09-16 10:00:00+00:00,2026-09-16 14:00:00+00:00,59289.097,56351.521,62226.672,v1
2026-09-16 11:47:37+00:00,2026-09-16 10:00:00+00:00,2026-09-16 15:00:00+00:00,60401.832,57464.256,63339.407,v1
2026-09-16 11:47:37+00:00,2026-09-16 10:00:00+00:00,2026-09-16 16:00:00+00:00,61439.128,58501.552,64376.703,v1
2026-09-16 11:47:37+00:00,2026-09-16 10:00:00+00:00,2026-09-16 17:00:00+00:00,61328.293,58390.718,64265.869,v1
2026-09-16 11:47:37+00:00,2026-09-16 10:00:00+00:00,2026-09-16 18:00:00+00:00,59146.855,56209.279,62084.43,v1
2026-09-16 11:47:37+00:00,2026-09-16 10:00:00+00:00,2026-09-16 19:00:00+00:00,56031.528,53093.953,58969.104,v1
2026-09-16 11:47:37+00:00,2026-09-16 10:00:00+00:00,2026-09-16 20:00:00+00:00,52721.634,49784.058,55659.209,v1
2026-09-16 11:47:37+00:00,2026-09-16 10:00:00+00:00,2026-09-16 21:00:00+00:00,49107.951,46170.376,52045.527,v1
2026-09-16 11:47:37+00:00,2026-09-16 10:00:00+00:00,2026-09-16 22:00:00+00:00,46602.396,43664.821,49539.972,v1
2026-09-16 11:47:37+00:00,2026-09-16 10:00:00+00:00,2026-09-16 23:00:00+00:00,45030.943,42093.368,47968.519,v1
2026-09-16 11:47:37+00:00,2026-09-16 10:00:00+00:00,2026-09-17 00:00:00+00:00,44348.533,41410.957,47286.108,v1
2026-09-16 11:47:37+00:00,2026-09-16 10:00:00+00:00,2026-09-17 01:00:00+00:00,44670.951,41733.376,47608.527,v1
2026-09-16 11:47:37+00:00,2026-09-16 10:00:00+00:00,2026-09-17 02:00:00+00:00,46086.316,43148.741,49023.892,v1
2026-09-16 11:47:37+00:00,2026-09-16 10:00:00+00:00,2026-09-17 03:00:00+00:00,49081.494,46143.918,52019.069,v1
2026-09-16 11:47:37+00:00,2026-09-16 10:00:00+00:00,2026-09-17 04:00:00+00:00,56332.903,53395.328,59270.479,v1
2026-09-16 11:47:37+00:00,2026-09-16 10:00:00+00:00,2026-09-17 05:00:00+00:00,61116.304,58178.728,64053.879,v1
2026-09-16 11:47:37+00:00,2026-09-16 10:00:00+00:00,2026-09-17 06:00:00+00:00,63221.595,60284.019,66159.17,v1
2026-09-16 11:47:37+00:00,2026-09-16 10:00:00+00:00,2026-09-17 07:00:00+00:00,63529.696,60592.12,66467.271,v1
2026-09-16 11:47:37+00:00,2026-09-16 10:00:00+00:00,2026-09-17 08:00:00+00:00,63432.453,60494.877,66370.028,v1
2026-09-16 11:47:37+00:00,2026-09-16 10:00:00+00:00,2026-09-17 09:00:00+00:00,63338.369,60400.793,66275.945,v1
2026-09-16 11:47:37+00:00,2026-09-16 10:00:00+00:00,2026-09-17 10:00:00+00:00,62356.424,59418.849,65294.0,v1
2026-09-17 11:51:27+00:00,2026-09-17 10:00:00+00:00,2026-09-17 11:00:00+00:00,60023.435,56782.296,63264.575,v1
2026-09-17 11:51:27+00:00,2026-09-17 10:00:00+00:00,2026-09-17 12:00:00+00:00,58323.492,55082.352,61564.632,v1
2026-09-17 11:51:27+00:00,2026-09-17 10:00:00+00:00,2026-09-17 13:00:00+00:00,57606.605,54365.465,60847.745,v1
2026-09-17 11:51:27+00:00,2026-09-17 10:00:00+00:00,2026-09-17 14:00:00+00:00,57586.463,54345.324,60827.603,v1
2026-09-17 11:51:27+00:00,2026-09-17 10:00:00+00:00,2026-09-17 15:00:00+00:00,59010.641,55769.501,62251.781,v1
2026-09-17 11:51:27+00:00,2026-09-17 10:00:00+00:00,2026-09-17 16:00:00+00:00,60365.104,57123.965,63606.244,v1
2026-09-17 11:51:27+00:00,2026-09-17 10:00:00+00:00,2026-09-17 17:00:00+00:00,60134.35,56893.21,63375.49,v1
2026-09-17 11:51:27+00:00,2026-09-17 10:00:00+00:00,2026-09-17 18:00:00+00:00,58421.983,55180.843,61663.123,v1
2026-09-17 11:51:27+00:00,2026-09-17 10:00:00+00:00,2026-09-17 19:00:00+00:00,55003.623,51762.483,58244.762,v1
2026-09-17 11:51:27+00:00,2026-09-17 10:00:00+00:00,2026-09-17 20:00:00+00:00,51559.715,48318.575,54800.855,v1
2026-09-17 11:51:27+00:00,2026-09-17 10:00:00+00:00,2026-09-17 21:00:00+00:00,48006.865,44765.725,51248.005,v1
2026-09-17 11:51:27+00:00,2026-09-17 10:00:00+00:00,2026-09-17 22:00:00+00:00,45610.368,42369.228,48851.508,v1
2026-09-17 11:51:27+00:00,2026-09-17 10:00:00+00:00,2026-09-17 23:00:00+00:00,44066.617,40825.478,47307.757,v1
2026-09-17 11:51:27+00:00,2026-09-17 10:00:00+00:00,2026-09-18 00:00:00+00:00,43158.474,39917.334,46399.614,v1
2026-09-17 11:51:27+00:00,2026-09-17 10:00:00+00:00,2026-09-18 01:00:00+00:00,43223.677,39982.537,46464.817,v1
2026-09-17 11:51:27+00:00,2026-09-17 10:00:00+00:00,2026-09-18 02:00:00+00:00,44316.782,41075.642,47557.922,v1
2026-09-17 11:51:27+00:00,2026-09-17 10:00:00+00:00,2026-09-18 03:00:00+00:00,47782.304,44541.165,51023.444,v1
2026-09-17 11:51:27+00:00,2026-09-17 10:00:00+00:00,2026-09-18 04:00:00+00:00,55563.281,52322.141,58804.42,v1
2026-09-17 11:51:27+00:00,2026-09-17 10:00:00+00:00,2026-09-18 05:00:00+00:00,60416.922,57175.782,63658.062,v1
2026-09-17 11:51:27+00:00,2026-09-17 10:00:00+00:00,2026-09-18 06:00:00+00:00,62462.33,59221.191,65703.47,v1
2026-09-17 11:51:27+00:00,2026-09-17 10:00:00+00:00,2026-09-18 07:00:00+00:00,62486.456,59245.316,65727.596,v1
2026-09-17 11:51:27+00:00,2026-09-17 10:00:00+00:00,2026-09-18 08:00:00+00:00,62411.576,59170.437,65652.716,v1
2026-09-17 11:51:27+00:00,2026-09-17 10:00:00+00:00,2026-09-18 09:00:00+00:00,61673.59,58432.45,64914.729,v1
2026-09-17 11:51:27+00:00,2026-09-17 10:00:00+00:00,2026-09-18 10:00:00+00:00,60447.268,57206.128,63688.408,v1
2026-09-18 11:26:57+00:00,2026-09-18 08:00:00+00:00,2026-09-18 09:00:00+00:00,61614.79,57843.428,65386.152,v1
2026-09-18 11:26:57+00:00,2026-09-18 08:00:00+00:00,2026-09-18 10:00:00+00:00,60366.889,56595.527,64138.251,v1
2026-09-18 11:26:57+00:00,2026-09-18 08:00:00+00:00,2026-09-18 11:00:00+00:00,58650.211,54878.849,62421.572,v1
2026-09-18 11:26:57+00:00,2026-09-18 08:00:00+00:00,2026-09-18 12:00:00+00:00,56711.148,52939.786,60482.509,v1
2026-09-18 11:26:57+00:00,2026-09-18 08:00:00+00:00,2026-09-18 13:00:00+00:00,55928.065,52156.703,59699.426,v1
2026-09-18 11:26:57+00:00,2026-09-18 08:00:00+00:00,2026-09-18 14:00:00+00:00,55887.728,52116.366,59659.09,v1
2026-09-18 11:26:57+00:00,2026-09-18 08:00:00+00:00,2026-09-18 15:00:00+00:00,56879.418,53108.056,60650.779,v1
2026-09-18 11:26:57+00:00,2026-09-18 08:00:00+00:00,2026-09-18 16:00:00+00:00,57963.56,54192.198,61734.922,v1
2026-09-18 11:26:57+00:00,2026-09-18 08:00:00+00:00,2026-09-18 17:00:00+00:00,57365.977,53594.615,61137.339,v1
2026-09-18 11:26:57+00:00,2026-09-18 08:00:00+00:00,2026-09-18 18:00:00+00:00,55074.569,51303.207,58845.931,v1
2026-09-18 11:26:57+00:00,2026-09-18 08:00:00+00:00,2026-09-18 19:00:00+00:00,52284.646,48513.284,56056.008,v1
2026-09-18 11:26:57+00:00,2026-09-18 08:00:00+00:00,2026-09-18 20:00:00+00:00,49548.109,45776.747,53319.471,v1
2026-09-18 11:26:57+00:00,2026-09-18 08:00:00+00:00,2026-09-18 21:00:00+00:00,46457.768,42686.406,50229.13,v1
2026-09-18 11:26:57+00:00,2026-09-18 08:00:00+00:00,2026-09-18 22:00:00+00:00,43887.568,40116.206,47658.929,v1
2026-09-18 11:26:57+00:00,2026-09-18 08:00:00+00:00,2026-09-18 23:00:00+00:00,41920.645,38149.283,45692.007,v1
2026-09-18 11:26:57+00:00,2026-09-18 08:00:00+00:00,2026-09-19 00:00:00+00:00,40704.217,36932.855,44475.579,v1
2026-09-18 11:26:57+00:00,2026-09-18 08:00:00+00:00,2026-09-19 01:00:00+00:00,40429.029,36657.667,44200.391,v1
2026-09-18 11:26:57+00:00,2026-09-18 08:00:00+00:00,2026-09-19 02:00:00+00:00,40669.982,36898.621,44441.344,v1
2026-09-18 11:26:57+00:00,2026-09-18 08:00:00+00:00,2026-09-19 03:00:00+00:00,41939.2,38167.838,45710.561,v1
2026-09-18 11:26:57+00:00,2026-09-18 08:00:00+00:00,2026-09-19 04:00:00+00:00,43818.515,40047.153,47589.877,v1
2026-09-18 11:26:57+00:00,2026-09-18 08:00:00+00:00,2026-09-19 05:00:00+00:00,43818.515,40047.153,47589.877,v1
2026-09-18 11:26:57+00:00,2026-09-18 08:00:00+00:00,2026-09-19 06:00:00+00:00,46946.135,43174.773,50717.497,v1
2026-09-18 11:26:57+00:00,2026-09-18 08:00:00+00:00,2026-09-19 07:00:00+00:00,50617.676,46846.314,54389.038,v1
2026-09-18 11:26:57+00:00,2026-09-18 08:00:00+00:00,2026-09-19 08:00:00+00:00,51548.915,47777.553,55320.277,v1
2026-09-19 11:10:50+00:00,2026-09-19 09:00:00+00:00,2026-09-19 10:00:00+00:00,50674.535,47586.343,53762.727,v1
2026-09-19 11:10:50+00:00,2026-09-19 09:00:00+00:00,2026-09-19 11:00:00+00:00,48859.324,45771.133,51947.516,v1
2026-09-19 11:10:50+00:00,2026-09-19 09:00:00+00:00,2026-09-19 12:00:00+00:00,47426.304,44338.112,50514.496,v1
2026-09-19 11:10:50+00:00,2026-09-19 09:00:00+00:00,2026-09-19 13:00:00+00:00,46843.096,43754.905,49931.288,v1
2026-09-19 11:10:50+00:00,2026-09-19 09:00:00+00:00,2026-09-19 14:00:00+00:00,46972.669,43884.477,50060.861,v1
2026-09-19 11:10:50+00:00,2026-09-19 09:00:00+00:00,2026-09-19 15:00:00+00:00,48512.806,45424.614,51600.998,v1
2026-09-19 11:10:50+00:00,2026-09-19 09:00:00+00:00,2026-09-19 16:00:00+00:00,49584.337,46496.145,52672.529,v1
2026-09-19 11:10:50+00:00,2026-09-19 09:00:00+00:00,2026-09-19 17:00:00+00:00,49323.592,46235.4,52411.783,v1
2026-09-19 11:10:50+00:00,2026-09-19 09:00:00+00:00,2026-09-19 18:00:00+00:00,48062.53,44974.338,51150.722,v1
2026-09-19 11:10:50+00:00,2026-09-19 09:00:00+00:00,2026-09-19 19:00:00+00:00,46187.722,43099.53,49275.913,v1
2026-09-19 11:10:50+00:00,2026-09-19 09:00:00+00:00,2026-09-19 20:00:00+00:00,43963.43,40875.238,47051.622,v1
2026-09-19 11:10:50+00:00,2026-09-19 09:00:00+00:00,2026-09-19 21:00:00+00:00,41367.103,38278.911,44455.295,v1
2026-09-19 11:10:50+00:00,2026-09-19 09:00:00+00:00,2026-09-19 22:00:00+00:00,38997.64,35909.448,42085.832,v1
2026-09-19 11:10:50+00:00,2026-09-19 09:00:00+00:00,2026-09-19 23:00:00+00:00,37517.268,34429.076,40605.46,v1
2026-09-19 11:10:50+00:00,2026-09-19 09:00:00+00:00,2026-09-20 00:00:00+00:00,36909.973,33821.781,39998.165,v1
2026-09-19 11:10:50+00:00,2026-09-19 09:00:00+00:00,2026-09-20 01:00:00+00:00,36219.176,33130.984,39307.367,v1
2026-09-19 11:10:50+00:00,2026-09-19 09:00:00+00:00,2026-09-20 02:00:00+00:00,36593.095,33504.903,39681.287,v1
2026-09-19 11:10:50+00:00,2026-09-19 09:00:00+00:00,2026-09-20 03:00:00+00:00,37009.475,33921.283,40097.666,v1
2026-09-19 11:10:50+00:00,2026-09-19 09:00:00+00:00,2026-09-20 04:00:00+00:00,38322.396,35234.205,41410.588,v1
2026-09-19 11:10:50+00:00,2026-09-19 09:00:00+00:00,2026-09-20 05:00:00+00:00,39855.143,36766.951,42943.335,v1
2026-09-19 11:10:50+00:00,2026-09-19 09:00:00+00:00,2026-09-20 06:00:00+00:00,42661.373,39573.181,45749.565,v1
2026-09-19 11:10:50+00:00,2026-09-19 09:00:00+00:00,2026-09-20 07:00:00+00:00,45255.046,42166.854,48343.237,v1
2026-09-19 11:10:50+00:00,2026-09-19 09:00:00+00:00,2026-09-20 08:00:00+00:00,46652.012,43563.82,49740.204,v1
2026-09-19 11:10:50+00:00,2026-09-19 09:00:00+00:00,2026-09-20 09:00:00+00:00,48130.581,45042.389,51218.773,v1
2026-09-20 11:35:14+00:00,2026-09-20 09:00:00+00:00,2026-09-20 10:00:00+00:00,50376.387,47736.655,53016.12,v1
2026-09-20 11:35:14+00:00,2026-09-20 09:00:00+00:00,2026-09-20 11:00:00+00:00,48309.684,45669.952,50949.417,v1
2026-09-20 11:35:14+00:00,2026-09-20 09:00:00+00:00,2026-09-20 12:00:00+00:00,46805.89,44166.158,49445.622,v1
2026-09-20 11:35:14+00:00,2026-09-20 09:00:00+00:00,2026-09-20 13:00:00+00:00,46181.929,43542.196,48821.661,v1
2026-09-20 11:35:14+00:00,2026-09-20 09:00:00+00:00,2026-09-20 14:00:00+00:00,46837.462,44197.729,49477.194,v1
2026-09-20 11:35:14+00:00,2026-09-20 09:00:00+00:00,2026-09-20 15:00:00+00:00,49129.144,46489.412,51768.877,v1
2026-09-20 11:35:14+00:00,2026-09-20 09:00:00+00:00,2026-09-20 16:00:00+00:00,51240.297,48600.565,53880.03,v1
2026-09-20 11:35:14+00:00,2026-09-20 09:00:00+00:00,2026-09-20 17:00:00+00:00,51721.64,49081.908,54361.373,v1
2026-09-20 11:35:14+00:00,2026-09-20 09:00:00+00:00,2026-09-20 18:00:00+00:00,50825.454,48185.721,53465.186,v1
2026-09-20 11:35:14+00:00,2026-09-20 09:00:00+00:00,2026-09-20 19:00:00+00:00,49071.388,46431.656,51711.12,v1
2026-09-20 11:35:14+00:00,2026-09-20 09:00:00+00:00,2026-09-20 20:00:00+00:00,47683.435,45043.703,50323.167,v1
2026-09-20 11:35:14+00:00,2026-09-20 09:00:00+00:00,2026-09-20 21:00:00+00:00,44734.775,42095.043,47374.507,v1
2026-09-20 11:35:14+00:00,2026-09-20 09:00:00+00:00,2026-09-20 22:00:00+00:00,42842.687,40202.955,45482.419,v1
2026-09-20 11:35:14+00:00,2026-09-20 09:00:00+00:00,2026-09-20 23:00:00+00:00,41556.665,38916.933,44196.398,v1
2026-09-20 11:35:14+00:00,2026-09-20 09:00:00+00:00,2026-09-21 00:00:00+00:00,40882.861,38243.129,43522.594,v1
2026-09-20 11:35:14+00:00,2026-09-20 09:00:00+00:00,2026-09-21 01:00:00+00:00,41140.669,38500.937,43780.402,v1
2026-09-20 11:35:14+00:00,2026-09-20 09:00:00+00:00,2026-09-21 02:00:00+00:00,42848.096,40208.363,45487.828,v1
2026-09-20 11:35:14+00:00,2026-09-20 09:00:00+00:00,2026-09-21 03:00:00+00:00,47392.434,44752.702,50032.166,v1
2026-09-20 11:35:14+00:00,2026-09-20 09:00:00+00:00,2026-09-21 04:00:00+00:00,55199.544,52559.812,57839.277,v1
2026-09-20 11:35:14+00:00,2026-09-20 09:00:00+00:00,2026-09-21 05:00:00+00:00,60351.344,57711.612,62991.077,v1
2026-09-20 11:35:14+00:00,2026-09-20 09:00:00+00:00,2026-09-21 06:00:00+00:00,63189.617,60549.885,65829.349,v1
2026-09-20 11:35:14+00:00,2026-09-20 09:00:00+00:00,2026-09-21 07:00:00+00:00,63516.304,60876.572,66156.037,v1
2026-09-20 11:35:14+00:00,2026-09-20 09:00:00+00:00,2026-09-21 08:00:00+00:00,63490.447,60850.714,66130.179,v1
2026-09-20 11:35:14+00:00,2026-09-20 09:00:00+00:00,2026-09-21 09:00:00+00:00,63462.279,60822.547,66102.011,v1
2026-09-21 12:59:54+00:00,2026-09-21 11:00:00+00:00,2026-09-21 12:00:00+00:00,57217.609,53915.287,60519.931,v1
2026-09-21 12:59:54+00:00,2026-09-21 11:00:00+00:00,2026-09-21 13:00:00+00:00,56710.615,53408.293,60012.936,v1
2026-09-21 12:59:54+00:00,2026-09-21 11:00:00+00:00,2026-09-21 14:00:00+00:00,56681.182,53378.86,59983.504,v1
2026-09-21 12:59:54+00:00,2026-09-21 11:00:00+00:00,2026-09-21 15:00:00+00:00,57570.855,54268.534,60873.177,v1
2026-09-21 12:59:54+00:00,2026-09-21 11:00:00+00:00,2026-09-21 16:00:00+00:00,58580.855,55278.533,61883.177,v1
2026-09-21 12:59:54+00:00,2026-09-21 11:00:00+00:00,2026-09-21 17:00:00+00:00,58320.747,55018.426,61623.069,v1
2026-09-21 12:59:54+00:00,2026-09-21 11:00:00+00:00,2026-09-21 18:00:00+00:00,56738.067,53435.745,60040.389,v1
2026-09-21 12:59:54+00:00,2026-09-21 11:00:00+00:00,2026-09-21 19:00:00+00:00,54062.188,50759.866,57364.51,v1
2026-09-21 12:59:54+00:00,2026-09-21 11:00:00+00:00,2026-09-21 20:00:00+00:00,50403.481,47101.16,53705.803,v1
2026-09-21 12:59:54+00:00,2026-09-21 11:00:00+00:00,2026-09-21 21:00:00+00:00,47149.045,43846.724,50451.367,v1
2026-09-21 12:59:54+00:00,2026-09-21 11:00:00+00:00,2026-09-21 22:00:00+00:00,44673.883,41371.561,47976.204,v1
2026-09-21 12:59:54+00:00,2026-09-21 11:00:00+00:00,2026-09-21 23:00:00+00:00,43159.737,39857.415,46462.059,v1
2026-09-21 12:59:54+00:00,2026-09-21 11:00:00+00:00,2026-09-22 00:00:00+00:00,42480.685,39178.364,45783.007,v1
2026-09-21 12:59:54+00:00,2026-09-21 11:00:00+00:00,2026-09-22 01:00:00+00:00,42965.001,39662.68,46267.323,v1
2026-09-21 12:59:54+00:00,2026-09-21 11:00:00+00:00,2026-09-22 02:00:00+00:00,44174.469,40872.148,47476.791,v1
2026-09-21 12:59:54+00:00,2026-09-21 11:00:00+00:00,2026-09-22 03:00:00+00:00,48077.751,44775.429,51380.073,v1
2026-09-21 12:59:54+00:00,2026-09-21 11:00:00+00:00,2026-09-22 04:00:00+00:00,55975.131,52672.81,59277.453,v1
2026-09-21 12:59:54+00:00,2026-09-21 11:00:00+00:00,2026-09-22 05:00:00+00:00,59235.803,55933.482,62538.125,v1
2026-09-21 12:59:54+00:00,2026-09-21 11:00:00+00:00,2026-09-22 06:00:00+00:00,61455.389,58153.067,64757.711,v1
2026-09-21 12:59:54+00:00,2026-09-21 11:00:00+00:00,2026-09-22 07:00:00+00:00,61436.615,58134.293,64738.937,v1
2026-09-21 12:59:54+00:00,2026-09-21 11:00:00+00:00,2026-09-22 08:00:00+00:00,61261.018,57958.697,64563.34,v1
2026-09-21 12:59:54+00:00,2026-09-21 11:00:00+00:00,2026-09-22 09:00:00+00:00,61123.352,57821.031,64425.674,v1
2026-09-21 12:59:54+00:00,2026-09-21 11:00:00+00:00,2026-09-22 10:00:00+00:00,59880.916,56578.594,63183.238,v1
2026-09-21 12:59:54+00:00,2026-09-21 11:00:00+00:00,2026-09-22 11:00:00+00:00,58473.087,55170.765,61775.409,v1
2026-09-22 11:49:36+00:00,2026-09-22 10:00:00+00:00,2026-09-22 11:00:00+00:00,55519.415,51554.937,59483.894,v1
2026-09-22 11:49:36+00:00,2026-09-22 10:00:00+00:00,2026-09-22 12:00:00+00:00,54248.184,50283.706,58212.663,v1
2026-09-22 11:49:36+00:00,2026-09-22 10:00:00+00:00,2026-09-22 13:00:00+00:00,53645.179,49680.7,57609.657,v1
2026-09-22 11:49:36+00:00,2026-09-22 10:00:00+00:00,2026-09-22 14:00:00+00:00,53886.189,49921.71,57850.667,v1
2026-09-22 11:49:36+00:00,2026-09-22 10:00:00+00:00,2026-09-22 15:00:00+00:00,54927.255,50962.777,58891.734,v1
2026-09-22 11:49:36+00:00,2026-09-22 10:00:00+00:00,2026-09-22 16:00:00+00:00,56010.178,52045.699,59974.656,v1
2026-09-22 11:49:36+00:00,2026-09-22 10:00:00+00:00,2026-09-22 17:00:00+00:00,55945.493,51981.014,59909.971,v1
2026-09-22 11:49:36+00:00,2026-09-22 10:00:00+00:00,2026-09-22 18:00:00+00:00,53943.776,49979.298,57908.255,v1
2026-09-22 11:49:36+00:00,2026-09-22 10:00:00+00:00,2026-09-22 19:00:00+00:00,52228.476,48263.998,56192.955,v1
2026-09-22 11:49:36+00:00,2026-09-22 10:00:00+00:00,2026-09-22 20:00:00+00:00,49328.731,45364.253,53293.21,v1
2026-09-22 11:49:36+00:00,2026-09-22 10:00:00+00:00,2026-09-22 21:00:00+00:00,46128.942,42164.463,50093.421,v1
2026-09-22 11:49:36+00:00,2026-09-22 10:00:00+00:00,2026-09-22 22:00:00+00:00,44139.408,40174.93,48103.887,v1
2026-09-22 11:49:36+00:00,2026-09-22 10:00:00+00:00,2026-09-22 23:00:00+00:00,42776.309,38811.83,46740.787,v1
2026-09-22 11:49:36+00:00,2026-09-22 10:00:00+00:00,2026-09-23 00:00:00+00:00,42203.088,38238.609,46167.566,v1
2026-09-22 11:49:36+00:00,2026-09-22 10:00:00+00:00,2026-09-23 01:00:00+00:00,42267.788,38303.309,46232.266,v1
2026-09-22 11:49:36+00:00,2026-09-22 10:00:00+00:00,2026-09-23 02:00:00+00:00,43951.568,39987.09,47916.047,v1
2026-09-22 11:49:36+00:00,2026-09-22 10:00:00+00:00,2026-09-23 03:00:00+00:00,47682.486,43718.008,51646.965,v1
2026-09-22 11:49:36+00:00,2026-09-22 10:00:00+00:00,2026-09-23 04:00:00+00:00,54794.127,50829.649,58758.606,v1
2026-09-22 11:49:36+00:00,2026-09-22 10:00:00+00:00,2026-09-23 05:00:00+00:00,58339.742,54375.263,62304.22,v1
2026-09-22 11:49:36+00:00,2026-09-22 10:00:00+00:00,2026-09-23 06:00:00+00:00,60686.488,56722.009,64650.967,v1
2026-09-22 11:49:36+00:00,2026-09-22 10:00:00+00:00,2026-09-23 07:00:00+00:00,60946.486,56982.007,64910.965,v1
2026-09-22 11:49:36+00:00,2026-09-22 10:00:00+00:00,2026-09-23 08:00:00+00:00,60953.39,56988.912,64917.869,v1
2026-09-22 11:49:36+00:00,2026-09-22 10:00:00+00:00,2026-09-23 09:00:00+00:00,60687.337,56722.858,64651.815,v1
2026-09-22 11:49:36+00:00,2026-09-22 10:00:00+00:00,2026-09-23 10:00:00+00:00,59510.072,55545.594,63474.551,v1
2026-09-23 11:49:30+00:00,2026-09-23 10:00:00+00:00,2026-09-23 11:00:00+00:00,56192.152,51635.104,60749.2,v1
2026-09-23 11:49:30+00:00,2026-09-23 10:00:00+00:00,2026-09-23 12:00:00+00:00,54783.025,50225.977,59340.073,v1
2026-09-23 11:49:30+00:00,2026-09-23 10:00:00+00:00,2026-09-23 13:00:00+00:00,54069.248,49512.2,58626.296,v1
2026-09-23 11:49:30+00:00,2026-09-23 10:00:00+00:00,2026-09-23 14:00:00+00:00,54238.321,49681.273,58795.369,v1
2026-09-23 11:49:30+00:00,2026-09-23 10:00:00+00:00,2026-09-23 15:00:00+00:00,55480.76,50923.713,60037.808,v1
2026-09-23 11:49:30+00:00,2026-09-23 10:00:00+00:00,2026-09-23 16:00:00+00:00,56686.788,52129.741,61243.836,v1
2026-09-23 11:49:30+00:00,2026-09-23 10:00:00+00:00,2026-09-23 17:00:00+00:00,56373.264,51816.217,60930.312,v1
2026-09-23 11:49:30+00:00,2026-09-23 10:00:00+00:00,2026-09-23 18:00:00+00:00,54683.438,50126.39,59240.485,v1
2026-09-23 11:49:30+00:00,2026-09-23 10:00:00+00:00,2026-09-23 19:00:00+00:00,52555.363,47998.316,57112.411,v1
2026-09-23 11:49:30+00:00,2026-09-23 10:00:00+00:00,2026-09-23 20:00:00+00:00,49229.977,44672.929,53787.024,v1
2026-09-23 11:49:30+00:00,2026-09-23 10:00:00+00:00,2026-09-23 21:00:00+00:00,46292.725,41735.677,50849.772,v1
2026-09-23 11:49:30+00:00,2026-09-23 10:00:00+00:00,2026-09-23 22:00:00+00:00,44214.774,39657.727,48771.822,v1
2026-09-23 11:49:30+00:00,2026-09-23 10:00:00+00:00,2026-09-23 23:00:00+00:00,43010.898,38453.85,47567.946,v1
2026-09-23 11:49:30+00:00,2026-09-23 10:00:00+00:00,2026-09-24 00:00:00+00:00,42286.747,37729.7,46843.795,v1
2026-09-23 11:49:30+00:00,2026-09-23 10:00:00+00:00,2026-09-24 01:00:00+00:00,42857.166,38300.119,47414.214,v1
2026-09-23 11:49:30+00:00,2026-09-23 10:00:00+00:00,2026-09-24 02:00:00+00:00,44137.508,39580.46,48694.555,v1
2026-09-23 11:49:30+00:00,2026-09-23 10:00:00+00:00,2026-09-24 03:00:00+00:00,47857.049,43300.001,52414.097,v1
2026-09-23 11:49:30+00:00,2026-09-23 10:00:00+00:00,2026-09-24 04:00:00+00:00,55437.33,50880.282,59994.377,v1
2026-09-23 11:49:30+00:00,2026-09-23 10:00:00+00:00,2026-09-24 05:00:00+00:00,59498.282,54941.234,64055.33,v1
2026-09-23 11:49:30+00:00,2026-09-23 10:00:00+00:00,2026-09-24 06:00:00+00:00,62315.561,57758.513,66872.609,v1
2026-09-23 11:49:30+00:00,2026-09-23 10:00:00+00:00,2026-09-24 07:00:00+00:00,62588.839,58031.791,67145.887,v1
2026-09-23 11:49:30+00:00,2026-09-23 10:00:00+00:00,2026-09-24 08:00:00+00:00,62511.017,57953.969,67068.064,v1
2026-09-23 11:49:30+00:00,2026-09-23 10:00:00+00:00,2026-09-24 09:00:00+00:00,62271.542,57714.494,66828.59,v1
2026-09-23 11:49:30+00:00,2026-09-23 10:00:00+00:00,2026-09-24 10:00:00+00:00,61207.147,56650.1,65764.195,v1
2026-09-24 11:57:21+00:00,2026-09-24 09:00:00+00:00,2026-09-24 10:00:00+00:00,61348.238,55749.809,66946.668,v1
2026-09-24 11:57:21+00:00,2026-09-24 09:00:00+00:00,2026-09-24 11:00:00+00:00,60008.822,54410.392,65607.252,v1
2026-09-24 11:57:21+00:00,2026-09-24 09:00:00+00:00,2026-09-24 12:00:00+00:00,58403.909,52805.479,64002.339,v1
2026-09-24 11:57:21+00:00,2026-09-24 09:00:00+00:00,2026-09-24 13:00:00+00:00,57456.816,51858.386,63055.246,v1
2026-09-24 11:57:21+00:00,2026-09-24 09:00:00+00:00,2026-09-24 14:00:00+00:00,57328.995,51730.565,62927.425,v1
2026-09-24 11:57:21+00:00,2026-09-24 09:00:00+00:00,2026-09-24 15:00:00+00:00,58677.329,53078.899,64275.759,v1
2026-09-24 11:57:21+00:00,2026-09-24 09:00:00+00:00,2026-09-24 16:00:00+00:00,59532.844,53934.414,65131.274,v1
2026-09-24 11:57:21+00:00,2026-09-24 09:00:00+00:00,2026-09-24 17:00:00+00:00,59950.887,54352.458,65549.317,v1
2026-09-24 11:57:21+00:00,2026-09-24 09:00:00+00:00,2026-09-24 18:00:00+00:00,58857.494,53259.064,64455.924,v1
2026-09-24 11:57:21+00:00,2026-09-24 09:00:00+00:00,2026-09-24 19:00:00+00:00,55920.336,50321.906,61518.766,v1
2026-09-24 11:57:21+00:00,2026-09-24 09:00:00+00:00,2026-09-24 20:00:00+00:00,52585.655,46987.225,58184.085,v1
2026-09-24 11:57:21+00:00,2026-09-24 09:00:00+00:00,2026-09-24 21:00:00+00:00,48803.762,43205.332,54402.192,v1
2026-09-24 11:57:21+00:00,2026-09-24 09:00:00+00:00,2026-09-24 22:00:00+00:00,46403.919,40805.49,52002.349,v1
2026-09-24 11:57:21+00:00,2026-09-24 09:00:00+00:00,2026-09-24 23:00:00+00:00,44969.923,39371.493,50568.353,v1
2026-09-24 11:57:21+00:00,2026-09-24 09:00:00+00:00,2026-09-25 00:00:00+00:00,44319.975,38721.546,49918.405,v1
2026-09-24 11:57:21+00:00,2026-09-24 09:00:00+00:00,2026-09-25 01:00:00+00:00,44593.156,38994.727,50191.586,v1
2026-09-24 11:57:21+00:00,2026-09-24 09:00:00+00:00,2026-09-25 02:00:00+00:00,45732.595,40134.165,51331.025,v1
2026-09-24 11:57:21+00:00,2026-09-24 09:00:00+00:00,2026-09-25 03:00:00+00:00,48477.482,42879.052,54075.911,v1
2026-09-24 11:57:21+00:00,2026-09-24 09:00:00+00:00,2026-09-25 04:00:00+00:00,54744.965,49146.535,60343.394,v1
2026-09-24 11:57:21+00:00,2026-09-24 09:00:00+00:00,2026-09-25 05:00:00+00:00,58291.755,52693.325,63890.185,v1
2026-09-24 11:57:21+00:00,2026-09-24 09:00:00+00:00,2026-09-25 06:00:00+00:00,60783.234,55184.805,66381.664,v1
2026-09-24 11:57:21+00:00,2026-09-24 09:00:00+00:00,2026-09-25 07:00:00+00:00,61138.164,55539.734,66736.593,v1
2026-09-24 11:57:21+00:00,2026-09-24 09:00:00+00:00,2026-09-25 08:00:00+00:00,61112.143,55513.713,66710.573,v1
2026-09-24 11:57:21+00:00,2026-09-24 09:00:00+00:00,2026-09-25 09:00:00+00:00,60767.252,55168.823,66365.682,v1
2026-09-25 11:58:59+00:00,2026-09-25 10:00:00+00:00,2026-09-25 11:00:00+00:00,55256.877,51126.028,59387.727,v1
2026-09-25 11:58:59+00:00,2026-09-25 10:00:00+00:00,2026-09-25 12:00:00+00:00,54098.731,49967.882,58229.581,v1
2026-09-25 11:58:59+00:00,2026-09-25 10:00:00+00:00,2026-09-25 13:00:00+00:00,53753.488,49622.639,57884.338,v1
2026-09-25 11:58:59+00:00,2026-09-25 10:00:00+00:00,2026-09-25 14:00:00+00:00,54237.047,50106.198,58367.897,v1
2026-09-25 11:58:59+00:00,2026-09-25 10:00:00+00:00,2026-09-25 15:00:00+00:00,55418.87,51288.021,59549.72,v1
2026-09-25 11:58:59+00:00,2026-09-25 10:00:00+00:00,2026-09-25 16:00:00+00:00,56343.951,52213.102,60474.801,v1
2026-09-25 11:58:59+00:00,2026-09-25 10:00:00+00:00,2026-09-25 17:00:00+00:00,56176.609,52045.76,60307.459,v1
2026-09-25 11:58:59+00:00,2026-09-25 10:00:00+00:00,2026-09-25 18:00:00+00:00,53905.456,49774.606,58036.305,v1
2026-09-25 11:58:59+00:00,2026-09-25 10:00:00+00:00,2026-09-25 19:00:00+00:00,51158.22,47027.37,55289.069,v1
2026-09-25 11:58:59+00:00,2026-09-25 10:00:00+00:00,2026-09-25 20:00:00+00:00,48459.213,44328.363,52590.062,v1
2026-09-25 11:58:59+00:00,2026-09-25 10:00:00+00:00,2026-09-25 21:00:00+00:00,45359.417,41228.568,49490.267,v1
2026-09-25 11:58:59+00:00,2026-09-25 10:00:00+00:00,2026-09-25 22:00:00+00:00,42631.741,38500.892,46762.591,v1
2026-09-25 11:58:59+00:00,2026-09-25 10:00:00+00:00,2026-09-25 23:00:00+00:00,41032.225,36901.375,45163.074,v1
2026-09-25 11:58:59+00:00,2026-09-25 10:00:00+00:00,2026-09-26 00:00:00+00:00,39795.223,35664.373,43926.072,v1
2026-09-25 11:58:59+00:00,2026-09-25 10:00:00+00:00,2026-09-26 01:00:00+00:00,39610.38,35479.53,43741.229,v1
2026-09-25 11:58:59+00:00,2026-09-25 10:00:00+00:00,2026-09-26 02:00:00+00:00,40527.965,36397.115,44658.814,v1
2026-09-25 11:58:59+00:00,2026-09-25 10:00:00+00:00,2026-09-26 03:00:00+00:00,41951.845,37820.996,46082.695,v1
2026-09-25 11:58:59+00:00,2026-09-25 10:00:00+00:00,2026-09-26 04:00:00+00:00,43770.244,39639.394,47901.093,v1
2026-09-25 11:58:59+00:00,2026-09-25 10:00:00+00:00,2026-09-26 05:00:00+00:00,46522.886,42392.037,50653.736,v1
2026-09-25 11:58:59+00:00,2026-09-25 10:00:00+00:00,2026-09-26 06:00:00+00:00,49297.968,45167.119,53428.818,v1
2026-09-25 11:58:59+00:00,2026-09-25 10:00:00+00:00,2026-09-26 07:00:00+00:00,51104.386,46973.536,55235.235,v1
2026-09-25 11:58:59+00:00,2026-09-25 10:00:00+00:00,2026-09-26 08:00:00+00:00,51925.829,47794.98,56056.679,v1
2026-09-25 11:58:59+00:00,2026-09-25 10:00:00+00:00,2026-09-26 09:00:00+00:00,52218.004,48087.154,56348.853,v1
2026-09-25 11:58:59+00:00,2026-09-25 10:00:00+00:00,2026-09-26 10:00:00+00:00,51332.068,47201.218,55462.917,v1
2026-09-26 11:33:56+00:00,2026-09-26 09:00:00+00:00,2026-09-26 10:00:00+00:00,48726.341,43229.884,54222.798,v1
2026-09-26 11:33:56+00:00,2026-09-26 09:00:00+00:00,2026-09-26 11:00:00+00:00,47541.195,42044.738,53037.652,v1
2026-09-26 11:33:56+00:00,2026-09-26 09:00:00+00:00,2026-09-26 12:00:00+00:00,46254.484,40758.027,51750.941,v1
2026-09-26 11:33:56+00:00,2026-09-26 09:00:00+00:00,2026-09-26 13:00:00+00:00,45524.313,40027.856,51020.771,v1
2026-09-26 11:33:56+00:00,2026-09-26 09:00:00+00:00,2026-09-26 14:00:00+00:00,45969.028,40472.571,51465.485,v1
2026-09-26 11:33:56+00:00,2026-09-26 09:00:00+00:00,2026-09-26 15:00:00+00:00,47572.831,42076.373,53069.288,v1
2026-09-26 11:33:56+00:00,2026-09-26 09:00:00+00:00,2026-09-26 16:00:00+00:00,49247.924,43751.466,54744.381,v1
2026-09-26 11:33:56+00:00,2026-09-26 09:00:00+00:00,2026-09-26 17:00:00+00:00,49136.842,43640.385,54633.299,v1
2026-09-26 11:33:56+00:00,2026-09-26 09:00:00+00:00,2026-09-26 18:00:00+00:00,48254.86,42758.403,53751.317,v1
2026-09-26 11:33:56+00:00,2026-09-26 09:00:00+00:00,2026-09-26 19:00:00+00:00,46732.432,41235.975,52228.889,v1
2026-09-26 11:33:56+00:00,2026-09-26 09:00:00+00:00,2026-09-26 20:00:00+00:00,44593.577,39097.12,50090.034,v1
2026-09-26 11:33:56+00:00,2026-09-26 09:00:00+00:00,2026-09-26 21:00:00+00:00,41916.624,36420.167,47413.081,v1
2026-09-26 11:33:56+00:00,2026-09-26 09:00:00+00:00,2026-09-26 22:00:00+00:00,39526.229,34029.772,45022.686,v1
2026-09-26 11:33:56+00:00,2026-09-26 09:00:00+00:00,2026-09-26 23:00:00+00:00,37744.299,32247.841,43240.756,v1
2026-09-26 11:33:56+00:00,2026-09-26 09:00:00+00:00,2026-09-27 00:00:00+00:00,36764.765,31268.308,42261.222,v1
2026-09-26 11:33:56+00:00,2026-09-26 09:00:00+00:00,2026-09-27 01:00:00+00:00,36087.207,30590.75,41583.664,v1
2026-09-26 11:33:56+00:00,2026-09-26 09:00:00+00:00,2026-09-27 02:00:00+00:00,36513.966,31017.509,42010.423,v1
2026-09-26 11:33:56+00:00,2026-09-26 09:00:00+00:00,2026-09-27 03:00:00+00:00,37012.916,31516.459,42509.373,v1
2026-09-26 11:33:56+00:00,2026-09-26 09:00:00+00:00,2026-09-27 04:00:00+00:00,38364.573,32868.116,43861.03,v1
2026-09-26 11:33:56+00:00,2026-09-26 09:00:00+00:00,2026-09-27 05:00:00+00:00,39578.482,34082.025,45074.939,v1
2026-09-26 11:33:56+00:00,2026-09-26 09:00:00+00:00,2026-09-27 06:00:00+00:00,42764.656,37268.199,48261.113,v1
2026-09-26 11:33:56+00:00,2026-09-26 09:00:00+00:00,2026-09-27 07:00:00+00:00,45556.978,40060.521,51053.435,v1
2026-09-26 11:33:56+00:00,2026-09-26 09:00:00+00:00,2026-09-27 08:00:00+00:00,47172.769,41676.312,52669.226,v1
2026-09-26 11:33:56+00:00,2026-09-26 09:00:00+00:00,2026-09-27 09:00:00+00:00,48749.58,43253.123,54246.037,v1
2026-09-27 12:12:29+00:00,2026-09-27 10:00:00+00:00,2026-09-27 11:00:00+00:00,41785.078,35799.67,47770.487,v1
2026-09-27 12:12:29+00:00,2026-09-27 10:00:00+00:00,2026-09-27 12:00:00+00:00,41565.051,35579.642,47550.459,v1
2026-09-27 12:12:29+00:00,2026-09-27 10:00:00+00:00,2026-09-27 13:00:00+00:00,41534.116,35548.707,47519.524,v1
2026-09-27 12:12:29+00:00,2026-09-27 10:00:00+00:00,2026-09-27 14:00:00+00:00,42752.59,36767.181,48737.998,v1
2026-09-27 12:12:29+00:00,2026-09-27 10:00:00+00:00,2026-09-27 15:00:00+00:00,45410.76,39425.352,51396.169,v1
2026-09-27 12:12:29+00:00,2026-09-27 10:00:00+00:00,2026-09-27 16:00:00+00:00,47419.802,41434.394,53405.21,v1
2026-09-27 12:12:29+00:00,2026-09-27 10:00:00+00:00,2026-09-27 17:00:00+00:00,48427.12,42441.712,54412.528,v1
2026-09-27 12:12:29+00:00,2026-09-27 10:00:00+00:00,2026-09-27 18:00:00+00:00,47503.479,41518.071,53488.888,v1
2026-09-27 12:12:29+00:00,2026-09-27 10:00:00+00:00,2026-09-27 19:00:00+00:00,46037.164,40051.756,52022.572,v1
2026-09-27 12:12:29+00:00,2026-09-27 10:00:00+00:00,2026-09-27 20:00:00+00:00,44310.234,38324.826,50295.642,v1
2026-09-27 12:12:29+00:00,2026-09-27 10:00:00+00:00,2026-09-27 21:00:00+00:00,41829.136,35843.728,47814.544,v1
2026-09-27 12:12:29+00:00,2026-09-27 10:00:00+00:00,2026-09-27 22:00:00+00:00,40010.572,34025.163,45995.98,v1
2026-09-27 12:12:29+00:00,2026-09-27 10:00:00+00:00,2026-09-27 23:00:00+00:00,38727.373,32741.964,44712.781,v1
2026-09-27 12:12:29+00:00,2026-09-27 10:00:00+00:00,2026-09-28 00:00:00+00:00,38586.099,32600.691,44571.508,v1
2026-09-27 12:12:29+00:00,2026-09-27 10:00:00+00:00,2026-09-28 01:00:00+00:00,38673.4,32687.991,44658.808,v1
2026-09-27 12:12:29+00:00,2026-09-27 10:00:00+00:00,2026-09-28 02:00:00+00:00,39574.331,33588.923,45559.739,v1
2026-09-27 12:12:29+00:00,2026-09-27 10:00:00+00:00,2026-09-28 03:00:00+00:00,43193.186,37207.778,49178.594,v1
2026-09-27 12:12:29+00:00,2026-09-27 10:00:00+00:00,2026-09-28 04:00:00+00:00,49777.101,43791.692,55762.509,v1
2026-09-27 12:12:29+00:00,2026-09-27 10:00:00+00:00,2026-09-28 05:00:00+00:00,55182.598,49197.189,61168.006,v1
2026-09-27 12:12:29+00:00,2026-09-27 10:00:00+00:00,2026-09-28 06:00:00+00:00,58037.582,52052.173,64022.99,v1
2026-09-27 12:12:29+00:00,2026-09-27 10:00:00+00:00,2026-09-28 07:00:00+00:00,59827.966,53842.558,65813.374,v1
2026-09-27 12:12:29+00:00,2026-09-27 10:00:00+00:00,2026-09-28 08:00:00+00:00,60352.056,54366.647,66337.464,v1
2026-09-27 12:12:29+00:00,2026-09-27 10:00:00+00:00,2026-09-28 09:00:00+00:00,60516.318,54530.91,66501.727,v1
2026-09-27 12:12:29+00:00,2026-09-27 10:00:00+00:00,2026-09-28 10:00:00+00:00,59483.239,53497.83,65468.647,v1
2026-09-28 14:09:57+00:00,2026-09-28 12:00:00+00:00,2026-09-28 13:00:00+00:00,55129.707,50319.984,59939.431,v1
2026-09-28 14:09:57+00:00,2026-09-28 12:00:00+00:00,2026-09-28 14:00:00+00:00,54986.59,50176.867,59796.313,v1
2026-09-28 14:09:57+00:00,2026-09-28 12:00:00+00:00,2026-09-28 15:00:00+00:00,55892.397,51082.673,60702.12,v1
2026-09-28 14:09:57+00:00,2026-09-28 12:00:00+00:00,2026-09-28 16:00:00+00:00,56727.895,51918.171,61537.618,v1
2026-09-28 14:09:57+00:00,2026-09-28 12:00:00+00:00,2026-09-28 17:00:00+00:00,56734.552,51924.828,61544.275,v1
2026-09-28 14:09:57+00:00,2026-09-28 12:00:00+00:00,2026-09-28 18:00:00+00:00,55074.022,50264.299,59883.746,v1
2026-09-28 14:09:57+00:00,2026-09-28 12:00:00+00:00,2026-09-28 19:00:00+00:00,52671.74,47862.016,57481.463,v1
2026-09-28 14:09:57+00:00,2026-09-28 12:00:00+00:00,2026-09-28 20:00:00+00:00,49158.813,44349.089,53968.536,v1
2026-09-28 14:09:57+00:00,2026-09-28 12:00:00+00:00,2026-09-28 21:00:00+00:00,46332.559,41522.835,51142.282,v1
2026-09-28 14:09:57+00:00,2026-09-28 12:00:00+00:00,2026-09-28 22:00:00+00:00,43820.467,39010.744,48630.191,v1
2026-09-28 14:09:57+00:00,2026-09-28 12:00:00+00:00,2026-09-28 23:00:00+00:00,42486.67,37676.946,47296.393,v1
2026-09-28 14:09:57+00:00,2026-09-28 12:00:00+00:00,2026-09-29 00:00:00+00:00,41970.964,37161.241,46780.688,v1
2026-09-28 14:09:57+00:00,2026-09-28 12:00:00+00:00,2026-09-29 01:00:00+00:00,42139.616,37329.892,46949.339,v1
2026-09-28 14:09:57+00:00,2026-09-28 12:00:00+00:00,2026-09-29 02:00:00+00:00,43592.476,38782.753,48402.2,v1
2026-09-28 14:09:57+00:00,2026-09-28 12:00:00+00:00,2026-09-29 03:00:00+00:00,46764.447,41954.724,51574.171,v1
2026-09-28 14:09:57+00:00,2026-09-28 12:00:00+00:00,2026-09-29 04:00:00+00:00,53848.154,49038.43,58657.877,v1
2026-09-28 14:09:57+00:00,2026-09-28 12:00:00+00:00,2026-09-29 05:00:00+00:00,58175.983,53366.259,62985.706,v1
2026-09-28 14:09:57+00:00,2026-09-28 12:00:00+00:00,2026-09-29 06:00:00+00:00,60742.314,55932.591,65552.038,v1
2026-09-28 14:09:57+00:00,2026-09-28 12:00:00+00:00,2026-09-29 07:00:00+00:00,60952.573,56142.85,65762.297,v1
2026-09-28 14:09:57+00:00,2026-09-28 12:00:00+00:00,2026-09-29 08:00:00+00:00,61148.265,56338.541,65957.988,v1
2026-09-28 14:09:57+00:00,2026-09-28 12:00:00+00:00,2026-09-29 09:00:00+00:00,60833.166,56023.443,65642.89,v1
2026-09-28 14:09:57+00:00,2026-09-28 12:00:00+00:00,2026-09-29 10:00:00+00:00,60106.462,55296.738,64916.185,v1
2026-09-28 14:09:57+00:00,2026-09-28 12:00:00+00:00,2026-09-29 11:00:00+00:00,58761.335,53951.612,63571.059,v1
2026-09-28 14:09:57+00:00,2026-09-28 12:00:00+00:00,2026-09-29 12:00:00+00:00,57239.852,52430.129,62049.576,v1
2026-09-29 13:04:42+00:00,2026-09-29 11:00:00+00:00,2026-09-29 12:00:00+00:00,58601.685,54836.593,62366.777,v1
2026-09-29 13:04:42+00:00,2026-09-29 11:00:00+00:00,2026-09-29 13:00:00+00:00,57600.098,53835.006,61365.19,v1
2026-09-29 13:04:42+00:00,2026-09-29 11:00:00+00:00,2026-09-29 14:00:00+00:00,57356.396,53591.304,61121.488,v1
2026-09-29 13:04:42+00:00,2026-09-29 11:00:00+00:00,2026-09-29 15:00:00+00:00,58213.688,54448.596,61978.78,v1
2026-09-29 13:04:42+00:00,2026-09-29 11:00:00+00:00,2026-09-29 16:00:00+00:00,59213.719,55448.626,62978.811,v1
2026-09-29 13:04:42+00:00,2026-09-29 11:00:00+00:00,2026-09-29 17:00:00+00:00,59169.511,55404.419,62934.604,v1
2026-09-29 13:04:42+00:00,2026-09-29 11:00:00+00:00,2026-09-29 18:00:00+00:00,57724.919,53959.826,61490.011,v1
2026-09-29 13:04:42+00:00,2026-09-29 11:00:00+00:00,2026-09-29 19:00:00+00:00,54440.571,50675.478,58205.663,v1
2026-09-29 13:04:42+00:00,2026-09-29 11:00:00+00:00,2026-09-29 20:00:00+00:00,51038.841,47273.749,54803.934,v1
2026-09-29 13:04:42+00:00,2026-09-29 11:00:00+00:00,2026-09-29 21:00:00+00:00,47851.121,44086.029,51616.213,v1
2026-09-29 13:04:42+00:00,2026-09-29 11:00:00+00:00,2026-09-29 22:00:00+00:00,45335.457,41570.365,49100.549,v1
2026-09-29 13:04:42+00:00,2026-09-29 11:00:00+00:00,2026-09-29 23:00:00+00:00,43863.269,40098.177,47628.361,v1
2026-09-29 13:04:42+00:00,2026-09-29 11:00:00+00:00,2026-09-30 00:00:00+00:00,43118.243,39353.151,46883.336,v1
2026-09-29 13:04:42+00:00,2026-09-29 11:00:00+00:00,2026-09-30 01:00:00+00:00,43497.871,39732.779,47262.963,v1
2026-09-29 13:04:42+00:00,2026-09-29 11:00:00+00:00,2026-09-30 02:00:00+00:00,44557.37,40792.278,48322.463,v1
2026-09-29 13:04:42+00:00,2026-09-29 11:00:00+00:00,2026-09-30 03:00:00+00:00,48210.885,44445.793,51975.977,v1
2026-09-29 13:04:42+00:00,2026-09-29 11:00:00+00:00,2026-09-30 04:00:00+00:00,55724.021,51958.929,59489.114,v1
2026-09-29 13:04:42+00:00,2026-09-29 11:00:00+00:00,2026-09-30 05:00:00+00:00,60157.261,56392.169,63922.353,v1
2026-09-29 13:04:42+00:00,2026-09-29 11:00:00+00:00,2026-09-30 06:00:00+00:00,62455.39,58690.298,66220.482,v1
2026-09-29 13:04:42+00:00,2026-09-29 11:00:00+00:00,2026-09-30 07:00:00+00:00,62282.251,58517.159,66047.344,v1
2026-09-29 13:04:42+00:00,2026-09-29 11:00:00+00:00,2026-09-30 08:00:00+00:00,61809.742,58044.65,65574.834,v1
2026-09-29 13:04:42+00:00,2026-09-29 11:00:00+00:00,2026-09-30 09:00:00+00:00,61333.925,57568.833,65099.018,v1
2026-09-29 13:04:42+00:00,2026-09-29 11:00:00+00:00,2026-09-30 10:00:00+00:00,60307.577,56542.485,64072.669,v1
2026-09-29 13:04:42+00:00,2026-09-29 11:00:00+00:00,2026-09-30 11:00:00+00:00,58895.612,55130.52,62660.704,v1
2026-09-30 12:46:05+00:00,2026-09-30 11:00:00+00:00,2026-09-30 12:00:00+00:00,57936.295,54819.683,61052.908,v1
2026-09-30 12:46:05+00:00,2026-09-30 11:00:00+00:00,2026-09-30 13:00:00+00:00,57227.037,54110.424,60343.65,v1
2026-09-30 12:46:05+00:00,2026-09-30 11:00:00+00:00,2026-09-30 14:00:00+00:00,57180.026,54063.413,60296.639,v1
2026-09-30 12:46:05+00:00,2026-09-30 11:00:00+00:00,2026-09-30 15:00:00+00:00,58084.306,54967.693,61200.919,v1
2026-09-30 12:46:05+00:00,2026-09-30 11:00:00+00:00,2026-09-30 16:00:00+00:00,59150.583,56033.971,62267.196,v1
2026-09-30 12:46:05+00:00,2026-09-30 11:00:00+00:00,2026-09-30 17:00:00+00:00,58965.615,55849.002,62082.228,v1
2026-09-30 12:46:05+00:00,2026-09-30 11:00:00+00:00,2026-09-30 18:00:00+00:00,57399.835,54283.223,60516.448,v1
2026-09-30 12:46:05+00:00,2026-09-30 11:00:00+00:00,2026-09-30 19:00:00+00:00,54078.134,50961.521,57194.747,v1
2026-09-30 12:46:05+00:00,2026-09-30 11:00:00+00:00,2026-09-30 20:00:00+00:00,50320.941,47204.329,53437.554,v1
2026-09-30 12:46:05+00:00,2026-09-30 11:00:00+00:00,2026-09-30 21:00:00+00:00,46941.49,43824.877,50058.103,v1
2026-09-30 12:46:05+00:00,2026-09-30 11:00:00+00:00,2026-09-30 22:00:00+00:00,44558.83,41442.217,47675.442,v1
2026-09-30 12:46:05+00:00,2026-09-30 11:00:00+00:00,2026-09-30 23:00:00+00:00,42950.519,39833.907,46067.132,v1
2026-09-30 12:46:05+00:00,2026-09-30 11:00:00+00:00,2026-10-01 00:00:00+00:00,42258.322,39141.709,45374.934,v1
2026-09-30 12:46:05+00:00,2026-09-30 11:00:00+00:00,2026-10-01 01:00:00+00:00,42920.53,39803.917,46037.143,v1
2026-09-30 12:46:05+00:00,2026-09-30 11:00:00+00:00,2026-10-01 02:00:00+00:00,44235.937,41119.324,47352.55,v1
2026-09-30 12:46:05+00:00,2026-09-30 11:00:00+00:00,2026-10-01 03:00:00+00:00,47709.05,44592.437,50825.662,v1
2026-09-30 12:46:05+00:00,2026-09-30 11:00:00+00:00,2026-10-01 04:00:00+00:00,54788.453,51671.84,57905.066,v1
2026-09-30 12:46:05+00:00,2026-09-30 11:00:00+00:00,2026-10-01 05:00:00+00:00,58501.957,55385.344,61618.57,v1
2026-09-30 12:46:05+00:00,2026-09-30 11:00:00+00:00,2026-10-01 06:00:00+00:00,60935.007,57818.394,64051.62,v1
2026-09-30 12:46:05+00:00,2026-09-30 11:00:00+00:00,2026-10-01 07:00:00+00:00,61609.427,58492.815,64726.04,v1
2026-09-30 12:46:05+00:00,2026-09-30 11:00:00+00:00,2026-10-01 08:00:00+00:00,61735.14,58618.528,64851.753,v1
2026-09-30 12:46:05+00:00,2026-09-30 11:00:00+00:00,2026-10-01 09:00:00+00:00,61772.809,58656.196,64889.422,v1
2026-09-30 12:46:05+00:00,2026-09-30 11:00:00+00:00,2026-10-01 10:00:00+00:00,61003.241,57886.628,64119.854,v1
2026-09-30 12:46:05+00:00,2026-09-30 11:00:00+00:00,2026-10-01 11:00:00+00:00,59726.231,56609.618,62842.843,v1
2026-10-01 11:03:59+00:00,2026-10-01 09:00:00+00:00,2026-10-01 10:00:00+00:00,63015.472,59886.283,66144.662,v1
2026-10-01 11:03:59+00:00,2026-10-01 09:00:00+00:00,2026-10-01 11:00:00+00:00,61652.851,58523.662,64782.041,v1
2026-10-01 11:03:59+00:00,2026-10-01 09:00:00+00:00,2026-10-01 12:00:00+00:00,60407.397,57278.207,63536.586,v1
2026-10-01 11:03:59+00:00,2026-10-01 09:00:00+00:00,2026-10-01 13:00:00+00:00,59734.366,56605.176,62863.555,v1
2026-10-01 11:03:59+00:00,2026-10-01 09:00:00+00:00,2026-10-01 14:00:00+00:00,59511.661,56382.471,62640.85,v1
2026-10-01 11:03:59+00:00,2026-10-01 09:00:00+00:00,2026-10-01 15:00:00+00:00,60707.125,57577.935,63836.314,v1
2026-10-01 11:03:59+00:00,2026-10-01 09:00:00+00:00,2026-10-01 16:00:00+00:00,61279.734,58150.545,64408.924,v1
2026-10-01 11:03:59+00:00,2026-10-01 09:00:00+00:00,2026-10-01 17:00:00+00:00,61003.207,57874.018,64132.397,v1
2026-10-01 11:03:59+00:00,2026-10-01 09:00:00+00:00,2026-10-01 18:00:00+00:00,58919.054,55789.864,62048.243,v1
2026-10-01 11:03:59+00:00,2026-10-01 09:00:00+00:00,2026-10-01 19:00:00+00:00,55881.04,52751.851,59010.23,v1
2026-10-01 11:03:59+00:00,2026-10-01 09:00:00+00:00,2026-10-01 20:00:00+00:00,52781.449,49652.26,55910.639,v1
2026-10-01 11:03:59+00:00,2026-10-01 09:00:00+00:00,2026-10-01 21:00:00+00:00,49476.964,46347.774,52606.153,v1
2026-10-01 11:03:59+00:00,2026-10-01 09:00:00+00:00,2026-10-01 22:00:00+00:00,46801.556,43672.366,49930.745,v1
2026-10-01 11:03:59+00:00,2026-10-01 09:00:00+00:00,2026-10-01 23:00:00+00:00,45012.92,41883.731,48142.11,v1
2026-10-01 11:03:59+00:00,2026-10-01 09:00:00+00:00,2026-10-02 00:00:00+00:00,44323.979,41194.789,47453.168,v1
2026-10-01 11:03:59+00:00,2026-10-01 09:00:00+00:00,2026-10-02 01:00:00+00:00,44581.944,41452.755,47711.134,v1
2026-10-01 11:03:59+00:00,2026-10-01 09:00:00+00:00,2026-10-02 02:00:00+00:00,45688.137,42558.947,48817.326,v1
2026-10-01 11:03:59+00:00,2026-10-01 09:00:00+00:00,2026-10-02 03:00:00+00:00,48594.587,45465.397,51723.776,v1
2026-10-01 11:03:59+00:00,2026-10-01 09:00:00+00:00,2026-10-02 04:00:00+00:00,55736.693,52607.504,58865.883,v1
2026-10-01 11:03:59+00:00,2026-10-01 09:00:00+00:00,2026-10-02 05:00:00+00:00,59502.914,56373.724,62632.103,v1
2026-10-01 11:03:59+00:00,2026-10-01 09:00:00+00:00,2026-10-02 06:00:00+00:00,61769.756,58640.567,64898.946,v1
2026-10-01 11:03:59+00:00,2026-10-01 09:00:00+00:00,2026-10-02 07:00:00+00:00,62015.273,58886.084,65144.463,v1
2026-10-01 11:03:59+00:00,2026-10-01 09:00:00+00:00,2026-10-02 08:00:00+00:00,62150.254,59021.064,65279.443,v1
2026-10-01 11:03:59+00:00,2026-10-01 09:00:00+00:00,2026-10-02 09:00:00+00:00,61918.773,58789.583,65047.962,v1
2026-10-02 12:50:54+00:00,2026-10-02 11:00:00+00:00,2026-10-02 12:00:00+00:00,61203.306,57113.112,65293.501,v1
2026-10-02 12:50:54+00:00,2026-10-02 11:00:00+00:00,2026-10-02 13:00:00+00:00,60433.005,56342.811,64523.199,v1
2026-10-02 12:50:54+00:00,2026-10-02 11:00:00+00:00,2026-10-02 14:00:00+00:00,60354.04,56263.845,64444.234,v1
2026-10-02 12:50:54+00:00,2026-10-02 11:00:00+00:00,2026-10-02 15:00:00+00:00,61080.78,56990.586,65170.975,v1
2026-10-02 12:50:54+00:00,2026-10-02 11:00:00+00:00,2026-10-02 16:00:00+00:00,60908.534,56818.34,64998.728,v1
2026-10-02 12:50:54+00:00,2026-10-02 11:00:00+00:00,2026-10-02 17:00:00+00:00,59822.726,55732.532,63912.92,v1
2026-10-02 12:50:54+00:00,2026-10-02 11:00:00+00:00,2026-10-02 18:00:00+00:00,57481.669,53391.474,61571.863,v1
2026-10-02 12:50:54+00:00,2026-10-02 11:00:00+00:00,2026-10-02 19:00:00+00:00,54334.207,50244.013,58424.401,v1
2026-10-02 12:50:54+00:00,2026-10-02 11:00:00+00:00,2026-10-02 20:00:00+00:00,51290.247,47200.052,55380.441,v1
2026-10-02 12:50:54+00:00,2026-10-02 11:00:00+00:00,2026-10-02 21:00:00+00:00,48273.001,44182.807,52363.196,v1
2026-10-02 12:50:54+00:00,2026-10-02 11:00:00+00:00,2026-10-02 22:00:00+00:00,45407.697,41317.503,49497.891,v1
2026-10-02 12:50:54+00:00,2026-10-02 11:00:00+00:00,2026-10-02 23:00:00+00:00,43082.981,38992.786,47173.175,v1
2026-10-02 12:50:54+00:00,2026-10-02 11:00:00+00:00,2026-10-03 00:00:00+00:00,41392.492,37302.298,45482.686,v1
2026-10-02 12:50:54+00:00,2026-10-02 11:00:00+00:00,2026-10-03 01:00:00+00:00,40452.57,36362.376,44542.765,v1
2026-10-02 12:50:54+00:00,2026-10-02 11:00:00+00:00,2026-10-03 02:00:00+00:00,40201.479,36111.285,44291.673,v1
2026-10-02 12:50:54+00:00,2026-10-02 11:00:00+00:00,2026-10-03 03:00:00+00:00,40694.48,36604.286,44784.674,v1
2026-10-02 12:50:54+00:00,2026-10-02 11:00:00+00:00,2026-10-03 04:00:00+00:00,42011.222,37921.027,46101.416,v1
2026-10-02 12:50:54+00:00,2026-10-02 11:00:00+00:00,2026-10-03 05:00:00+00:00,43035.344,38945.15,47125.538,v1
2026-10-02 12:50:54+00:00,2026-10-02 11:00:00+00:00,2026-10-03 06:00:00+00:00,45029.953,40939.759,49120.147,v1
2026-10-02 12:50:54+00:00,2026-10-02 11:00:00+00:00,2026-10-03 07:00:00+00:00,47080.446,42990.251,51170.64,v1
2026-10-02 12:50:54+00:00,2026-10-02 11:00:00+00:00,2026-10-03 08:00:00+00:00,48234.958,44144.764,52325.152,v1
2026-10-02 12:50:54+00:00,2026-10-02 11:00:00+00:00,2026-10-03 09:00:00+00:00,48742.634,44652.44,52832.829,v1
2026-10-02 12:50:54+00:00,2026-10-02 11:00:00+00:00,2026-10-03 10:00:00+00:00,47800.223,43710.028,51890.417,v1
2026-10-02 12:50:54+00:00,2026-10-02 11:00:00+00:00,2026-10-03 11:00:00+00:00,46339.106,42248.911,50429.3,v1
2026-10-03 11:49:54+00:00,2026-10-03 10:00:00+00:00,2026-10-03 11:00:00+00:00,49606.13,46140.437,53071.823,v1
2026-10-03 11:49:54+00:00,2026-10-03 10:00:00+00:00,2026-10-03 12:00:00+00:00,47627.796,44162.103,51093.489,v1
2026-10-03 11:49:54+00:00,2026-10-03 10:00:00+00:00,2026-10-03 13:00:00+00:00,46896.722,43431.03,50362.415,v1
2026-10-03 11:49:54+00:00,2026-10-03 10:00:00+00:00,2026-10-03 14:00:00+00:00,47536.32,44070.627,51002.013,v1
2026-10-03 11:49:54+00:00,2026-10-03 10:00:00+00:00,2026-10-03 15:00:00+00:00,48724.253,45258.561,52189.946,v1
2026-10-03 11:49:54+00:00,2026-10-03 10:00:00+00:00,2026-10-03 16:00:00+00:00,49892.771,46427.078,53358.464,v1
2026-10-03 11:49:54+00:00,2026-10-03 10:00:00+00:00,2026-10-03 17:00:00+00:00,49808.871,46343.179,53274.564,v1
2026-10-03 11:49:54+00:00,2026-10-03 10:00:00+00:00,2026-10-03 18:00:00+00:00,48572.07,45106.377,52037.763,v1
2026-10-03 11:49:54+00:00,2026-10-03 10:00:00+00:00,2026-10-03 19:00:00+00:00,47143.572,43677.879,50609.265,v1
2026-10-03 11:49:54+00:00,2026-10-03 10:00:00+00:00,2026-10-03 20:00:00+00:00,45375.598,41909.905,48841.291,v1
2026-10-03 11:49:54+00:00,2026-10-03 10:00:00+00:00,2026-10-03 21:00:00+00:00,43256.528,39790.835,46722.221,v1
2026-10-03 11:49:54+00:00,2026-10-03 10:00:00+00:00,2026-10-03 22:00:00+00:00,40712.809,37247.116,44178.502,v1
2026-10-03 11:49:54+00:00,2026-10-03 10:00:00+00:00,2026-10-03 23:00:00+00:00,39023.64,35557.947,42489.333,v1
2026-10-03 11:49:54+00:00,2026-10-03 10:00:00+00:00,2026-10-04 00:00:00+00:00,38001.076,34535.384,41466.769,v1
2026-10-03 11:49:54+00:00,2026-10-03 10:00:00+00:00,2026-10-04 01:00:00+00:00,37545.839,34080.146,41011.531,v1
2026-10-03 11:49:54+00:00,2026-10-03 10:00:00+00:00,2026-10-04 02:00:00+00:00,37799.548,34333.855,41265.241,v1
2026-10-03 11:49:54+00:00,2026-10-03 10:00:00+00:00,2026-10-04 03:00:00+00:00,38305.148,34839.456,41770.841,v1
2026-10-03 11:49:54+00:00,2026-10-03 10:00:00+00:00,2026-10-04 04:00:00+00:00,39307.517,35841.824,42773.21,v1
2026-10-03 11:49:54+00:00,2026-10-03 10:00:00+00:00,2026-10-04 05:00:00+00:00,40940.49,37474.797,44406.182,v1
2026-10-03 11:49:54+00:00,2026-10-03 10:00:00+00:00,2026-10-04 06:00:00+00:00,43367.704,39902.012,46833.397,v1
2026-10-03 11:49:54+00:00,2026-10-03 10:00:00+00:00,2026-10-04 07:00:00+00:00,45694.067,42228.374,49159.76,v1
2026-10-03 11:49:54+00:00,2026-10-03 10:00:00+00:00,2026-10-04 08:00:00+00:00,47572.683,44106.99,51038.375,v1
2026-10-03 11:49:54+00:00,2026-10-03 10:00:00+00:00,2026-10-04 09:00:00+00:00,48931.395,45465.702,52397.088,v1
2026-10-03 11:49:54+00:00,2026-10-03 10:00:00+00:00,2026-10-04 10:00:00+00:00,48697.353,45231.66,52163.046,v1
2026-10-04 12:32:38+00:00,2026-10-04 10:00:00+00:00,2026-10-04 11:00:00+00:00,45555.668,41068.274,50043.062,v1
2026-10-04 12:32:38+00:00,2026-10-04 10:00:00+00:00,2026-10-04 12:00:00+00:00,43926.562,39439.168,48413.956,v1
2026-10-04 12:32:38+00:00,2026-10-04 10:00:00+00:00,2026-10-04 13:00:00+00:00,43045.787,38558.393,47533.181,v1
2026-10-04 12:32:38+00:00,2026-10-04 10:00:00+00:00,2026-10-04 14:00:00+00:00,43548.161,39060.767,48035.555,v1
2026-10-04 12:32:38+00:00,2026-10-04 10:00:00+00:00,2026-10-04 15:00:00+00:00,45626.85,41139.456,50114.245,v1
2026-10-04 12:32:38+00:00,2026-10-04 10:00:00+00:00,2026-10-04 16:00:00+00:00,47817.038,43329.644,52304.432,v1
2026-10-04 12:32:38+00:00,2026-10-04 10:00:00+00:00,2026-10-04 17:00:00+00:00,48650.275,44162.881,53137.669,v1
2026-10-04 12:32:38+00:00,2026-10-04 10:00:00+00:00,2026-10-04 18:00:00+00:00,47957.036,43469.642,52444.43,v1
2026-10-04 12:32:38+00:00,2026-10-04 10:00:00+00:00,2026-10-04 19:00:00+00:00,46682.908,42195.514,51170.302,v1
2026-10-04 12:32:38+00:00,2026-10-04 10:00:00+00:00,2026-10-04 20:00:00+00:00,45153.842,40666.448,49641.237,v1
2026-10-04 12:32:38+00:00,2026-10-04 10:00:00+00:00,2026-10-04 21:00:00+00:00,42921.431,38434.036,47408.825,v1
2026-10-04 12:32:38+00:00,2026-10-04 10:00:00+00:00,2026-10-04 22:00:00+00:00,41372.348,36884.954,45859.742,v1
2026-10-04 12:32:38+00:00,2026-10-04 10:00:00+00:00,2026-10-04 23:00:00+00:00,40104.037,35616.643,44591.431,v1
2026-10-04 12:32:38+00:00,2026-10-04 10:00:00+00:00,2026-10-05 00:00:00+00:00,39458.393,34970.999,43945.788,v1
2026-10-04 12:32:38+00:00,2026-10-04 10:00:00+00:00,2026-10-05 01:00:00+00:00,39510.49,35023.096,43997.885,v1
2026-10-04 12:32:38+00:00,2026-10-04 10:00:00+00:00,2026-10-05 02:00:00+00:00,40560.37,36072.976,45047.764,v1
2026-10-04 12:32:38+00:00,2026-10-04 10:00:00+00:00,2026-10-05 03:00:00+00:00,43597.961,39110.567,48085.355,v1
2026-10-04 12:32:38+00:00,2026-10-04 10:00:00+00:00,2026-10-05 04:00:00+00:00,48345.198,43857.804,52832.592,v1
2026-10-04 12:32:38+00:00,2026-10-04 10:00:00+00:00,2026-10-05 05:00:00+00:00,53982.393,49494.999,58469.787,v1
2026-10-04 12:32:38+00:00,2026-10-04 10:00:00+00:00,2026-10-05 06:00:00+00:00,58288.223,53800.829,62775.617,v1
2026-10-04 12:32:38+00:00,2026-10-04 10:00:00+00:00,2026-10-05 07:00:00+00:00,59909.584,55422.19,64396.979,v1
2026-10-04 12:32:38+00:00,2026-10-04 10:00:00+00:00,2026-10-05 08:00:00+00:00,60163.27,55675.876,64650.664,v1
2026-10-04 12:32:38+00:00,2026-10-04 10:00:00+00:00,2026-10-05 09:00:00+00:00,60136.878,55649.484,64624.272,v1
2026-10-04 12:32:38+00:00,2026-10-04 10:00:00+00:00,2026-10-05 10:00:00+00:00,59302.164,54814.77,63789.558,v1
2026-10-05 14:57:57+00:00,2026-10-05 13:00:00+00:00,2026-10-05 14:00:00+00:00,55860.904,51387.849,60333.96,v1
2026-10-05 14:57:57+00:00,2026-10-05 13:00:00+00:00,2026-10-05 15:00:00+00:00,56954.02,52480.965,61427.076,v1
2026-10-05 14:57:57+00:00,2026-10-05 13:00:00+00:00,2026-10-05 16:00:00+00:00,58102.257,53629.202,62575.313,v1
2026-10-05 14:57:57+00:00,2026-10-05 13:00:00+00:00,2026-10-05 17:00:00+00:00,58026.229,53553.173,62499.284,v1
2026-10-05 14:57:57+00:00,2026-10-05 13:00:00+00:00,2026-10-05 18:00:00+00:00,56683.638,52210.583,61156.693,v1
2026-10-05 14:57:57+00:00,2026-10-05 13:00:00+00:00,2026-10-05 19:00:00+00:00,54154.231,49681.175,58627.286,v1
2026-10-05 14:57:57+00:00,2026-10-05 13:00:00+00:00,2026-10-05 20:00:00+00:00,50722.385,46249.33,55195.441,v1
2026-10-05 14:57:57+00:00,2026-10-05 13:00:00+00:00,2026-10-05 21:00:00+00:00,47591.209,43118.154,52064.264,v1
2026-10-05 14:57:57+00:00,2026-10-05 13:00:00+00:00,2026-10-05 22:00:00+00:00,45150.087,40677.032,49623.142,v1
2026-10-05 14:57:57+00:00,2026-10-05 13:00:00+00:00,2026-10-05 23:00:00+00:00,43722.654,39249.599,48195.71,v1
2026-10-05 14:57:57+00:00,2026-10-05 13:00:00+00:00,2026-10-06 00:00:00+00:00,42904.595,38431.54,47377.651,v1
2026-10-05 14:57:57+00:00,2026-10-05 13:00:00+00:00,2026-10-06 01:00:00+00:00,43030.876,38557.821,47503.932,v1
2026-10-05 14:57:57+00:00,2026-10-05 13:00:00+00:00,2026-10-06 02:00:00+00:00,44103.603,39630.548,48576.658,v1
2026-10-05 14:57:57+00:00,2026-10-05 13:00:00+00:00,2026-10-06 03:00:00+00:00,47648.302,43175.247,52121.357,v1
2026-10-05 14:57:57+00:00,2026-10-05 13:00:00+00:00,2026-10-06 04:00:00+00:00,54707.589,50234.534,59180.645,v1
2026-10-05 14:57:57+00:00,2026-10-05 13:00:00+00:00,2026-10-06 05:00:00+00:00,59188.777,54715.722,63661.833,v1
2026-10-05 14:57:57+00:00,2026-10-05 13:00:00+00:00,2026-10-06 06:00:00+00:00,62202.563,57729.508,66675.618,v1
2026-10-05 14:57:57+00:00,2026-10-05 13:00:00+00:00,2026-10-06 07:00:00+00:00,62505.696,58032.64,66978.751,v1
2026-10-05 14:57:57+00:00,2026-10-05 13:00:00+00:00,2026-10-06 08:00:00+00:00,62399.37,57926.315,66872.425,v1
2026-10-05 14:57:57+00:00,2026-10-05 13:00:00+00:00,2026-10-06 09:00:00+00:00,62072.234,57599.179,66545.289,v1
2026-10-05 14:57:57+00:00,2026-10-05 13:00:00+00:00,2026-10-06 10:00:00+00:00,61487.971,57014.916,65961.026,v1
2026-10-05 14:57:57+00:00,2026-10-05 13:00:00+00:00,2026-10-06 11:00:00+00:00,60198.556,55725.5,64671.611,v1
2026-10-05 14:57:57+00:00,2026-10-05 13:00:00+00:00,2026-10-06 12:00:00+00:00,58710.935,54237.88,63183.99,v1
2026-10-05 14:57:57+00:00,2026-10-05 13:00:00+00:00,2026-10-06 13:00:00+00:00,58063.662,53590.606,62536.717,v1
